{
  "type": "FeatureCollection",
  "metadata": {
    "coordinateSystem": "WGS84",
    "status": "verified",
    "verificationScope": "Input SRID and structural / geometry checks; not survey accuracy certification. Source seams and county differences preserved.",
    "source": "用户提供沁水县_140521.geojson",
    "dataDate": "属性 year=2023；处理日期 2026-10-05"
  },
  "features": [
    {
      "type": "Feature",
      "properties": {
        "id": 1621,
        "地名": "沁水县",
        "区划码": "140521",
        "县级": "沁水县",
        "县级码": "140521",
        "县级类": "县",
        "地级": "晋城市",
        "地级码": "140500",
        "地级类": "地级市",
        "省级": "山西省",
        "省级码": "140000",
        "省级类": "省",
        "曾用名": null,
        "备注": null,
        "eng_name": "Qinshui",
        "var_name": "Qìn Shuǐ",
        "code": "140521",
        "name_3": "Qinshui",
        "var_name3": "QìnShuǐ",
        "gid_3": "140521",
        "type_3": "County",
        "name_2": "Jincheng",
        "var_name2": "Jìn Chéng",
        "gid_2": "140500",
        "type_2": "Prefecture City",
        "name_1": "Shanxi",
        "var_name1": "Shān Xī",
        "gid_1": "140000",
        "type_1": "Province",
        "year": "2023",
        "name": "沁水县"
      },
      "geometry": {
        "type": "MultiPolygon",
        "coordinates": [
          [
            [
              [
                112.787755,
                35.98028
              ],
              [
                112.786775,
                35.9789
              ],
              [
                112.785556,
                35.976882
              ],
              [
                112.784834,
                35.975688
              ],
              [
                112.783827,
                35.97402
              ],
              [
                112.78083,
                35.964791
              ],
              [
                112.780652,
                35.964242
              ],
              [
                112.780494,
                35.962404
              ],
              [
                112.780493,
                35.96233
              ],
              [
                112.781768,
                35.961049
              ],
              [
                112.782524,
                35.959905
              ],
              [
                112.783282,
                35.958758
              ],
              [
                112.783607,
                35.958246
              ],
              [
                112.784841,
                35.956305
              ],
              [
                112.784907,
                35.955931
              ],
              [
                112.785396,
                35.953021
              ],
              [
                112.785388,
                35.952942
              ],
              [
                112.784899,
                35.952259
              ],
              [
                112.782699,
                35.946941
              ],
              [
                112.782825,
                35.9461
              ],
              [
                112.783095,
                35.944301
              ],
              [
                112.783082,
                35.940552
              ],
              [
                112.782605,
                35.937608
              ],
              [
                112.782518,
                35.937067
              ],
              [
                112.782278,
                35.935587
              ],
              [
                112.782239,
                35.935421
              ],
              [
                112.782181,
                35.935315
              ],
              [
                112.782138,
                35.935304
              ],
              [
                112.781893,
                35.93524
              ],
              [
                112.781226,
                35.935134
              ],
              [
                112.780903,
                35.935055
              ],
              [
                112.780496,
                35.934896
              ],
              [
                112.776992,
                35.932362
              ],
              [
                112.776273,
                35.931774
              ],
              [
                112.775861,
                35.931356
              ],
              [
                112.775153,
                35.93008
              ],
              [
                112.772115,
                35.915797
              ],
              [
                112.772111,
                35.915623
              ],
              [
                112.772141,
                35.915532
              ],
              [
                112.772575,
                35.914763
              ],
              [
                112.772876,
                35.914261
              ],
              [
                112.775729,
                35.910082
              ],
              [
                112.777222,
                35.905971
              ],
              [
                112.778493,
                35.902468
              ],
              [
                112.778526,
                35.902303
              ],
              [
                112.778525,
                35.902235
              ],
              [
                112.778489,
                35.902087
              ],
              [
                112.766816,
                35.888582
              ],
              [
                112.765687,
                35.887627
              ],
              [
                112.765414,
                35.887499
              ],
              [
                112.765231,
                35.887439
              ],
              [
                112.765123,
                35.887413
              ],
              [
                112.762186,
                35.886923
              ],
              [
                112.761455,
                35.886847
              ],
              [
                112.759552,
                35.886835
              ],
              [
                112.75934,
                35.886844
              ],
              [
                112.758901,
                35.88693
              ],
              [
                112.757916,
                35.887358
              ],
              [
                112.757328,
                35.887627
              ],
              [
                112.756816,
                35.888079
              ],
              [
                112.755347,
                35.889002
              ],
              [
                112.751684,
                35.890622
              ],
              [
                112.750762,
                35.89096
              ],
              [
                112.750317,
                35.891108
              ],
              [
                112.749977,
                35.891116
              ],
              [
                112.749605,
                35.891056
              ],
              [
                112.749213,
                35.890913
              ],
              [
                112.746379,
                35.889689
              ],
              [
                112.746316,
                35.889636
              ],
              [
                112.745886,
                35.889153
              ],
              [
                112.745856,
                35.888898
              ],
              [
                112.745898,
                35.888489
              ],
              [
                112.745952,
                35.888133
              ],
              [
                112.746064,
                35.887898
              ],
              [
                112.74797,
                35.884066
              ],
              [
                112.748638,
                35.8834
              ],
              [
                112.749498,
                35.882983
              ],
              [
                112.750611,
                35.882679
              ],
              [
                112.751202,
                35.882281
              ],
              [
                112.752435,
                35.881054
              ],
              [
                112.752771,
                35.880208
              ],
              [
                112.752918,
                35.879549
              ],
              [
                112.752587,
                35.879186
              ],
              [
                112.752003,
                35.879063
              ],
              [
                112.745707,
                35.877912
              ],
              [
                112.745225,
                35.878017
              ],
              [
                112.744749,
                35.878452
              ],
              [
                112.744122,
                35.879316
              ],
              [
                112.743215,
                35.880349
              ],
              [
                112.741277,
                35.882285
              ],
              [
                112.7374,
                35.886123
              ],
              [
                112.736362,
                35.886697
              ],
              [
                112.735717,
                35.886772
              ],
              [
                112.73507,
                35.886782
              ],
              [
                112.73458,
                35.886526
              ],
              [
                112.728417,
                35.880037
              ],
              [
                112.728881,
                35.877234
              ],
              [
                112.729682,
                35.875052
              ],
              [
                112.724689,
                35.874005
              ],
              [
                112.719799,
                35.872102
              ],
              [
                112.719591,
                35.871842
              ],
              [
                112.71974,
                35.871281
              ],
              [
                112.720379,
                35.87091
              ],
              [
                112.721699,
                35.870299
              ],
              [
                112.723853,
                35.868985
              ],
              [
                112.724923,
                35.868016
              ],
              [
                112.728778,
                35.863749
              ],
              [
                112.73148,
                35.860758
              ],
              [
                112.731907,
                35.860285
              ],
              [
                112.733001,
                35.853001
              ],
              [
                112.733278,
                35.852766
              ],
              [
                112.736821,
                35.852189
              ],
              [
                112.737225,
                35.852183
              ],
              [
                112.737799,
                35.85257
              ],
              [
                112.738381,
                35.853318
              ],
              [
                112.739213,
                35.854424
              ],
              [
                112.740087,
                35.855595
              ],
              [
                112.740704,
                35.85608
              ],
              [
                112.74119,
                35.856138
              ],
              [
                112.749295,
                35.853587
              ],
              [
                112.750366,
                35.852683
              ],
              [
                112.750801,
                35.851602
              ],
              [
                112.750839,
                35.851336
              ],
              [
                112.748985,
                35.841323
              ],
              [
                112.748127,
                35.838178
              ],
              [
                112.746888,
                35.835741
              ],
              [
                112.746689,
                35.835351
              ],
              [
                112.744793,
                35.831623
              ],
              [
                112.744133,
                35.830325
              ],
              [
                112.743983,
                35.830029
              ],
              [
                112.741746,
                35.825631
              ],
              [
                112.735455,
                35.812792
              ],
              [
                112.735146,
                35.812067
              ],
              [
                112.735023,
                35.811871
              ],
              [
                112.734608,
                35.811258
              ],
              [
                112.734131,
                35.81083
              ],
              [
                112.733347,
                35.810612
              ],
              [
                112.732729,
                35.810634
              ],
              [
                112.725488,
                35.810889
              ],
              [
                112.725071,
                35.810922
              ],
              [
                112.72426,
                35.810993
              ],
              [
                112.723353,
                35.811172
              ],
              [
                112.722432,
                35.811564
              ],
              [
                112.721837,
                35.811847
              ],
              [
                112.721651,
                35.812028
              ],
              [
                112.720794,
                35.812953
              ],
              [
                112.720286,
                35.813554
              ],
              [
                112.719455,
                35.814055
              ],
              [
                112.717384,
                35.814273
              ],
              [
                112.717112,
                35.8143
              ],
              [
                112.710178,
                35.814518
              ],
              [
                112.709771,
                35.814433
              ],
              [
                112.708816,
                35.814065
              ],
              [
                112.70819,
                35.813779
              ],
              [
                112.707266,
                35.812865
              ],
              [
                112.706009,
                35.810533
              ],
              [
                112.705854,
                35.810064
              ],
              [
                112.704058,
                35.808058
              ],
              [
                112.703361,
                35.807659
              ],
              [
                112.701898,
                35.806822
              ],
              [
                112.6985,
                35.805147
              ],
              [
                112.69772,
                35.805011
              ],
              [
                112.693459,
                35.803554
              ],
              [
                112.692675,
                35.803256
              ],
              [
                112.692069,
                35.802822
              ],
              [
                112.691917,
                35.802456
              ],
              [
                112.691964,
                35.802127
              ],
              [
                112.693256,
                35.793175
              ],
              [
                112.693338,
                35.792776
              ],
              [
                112.693616,
                35.792257
              ],
              [
                112.693932,
                35.791796
              ],
              [
                112.694464,
                35.791302
              ],
              [
                112.698985,
                35.788013
              ],
              [
                112.699788,
                35.78756
              ],
              [
                112.700472,
                35.787388
              ],
              [
                112.701048,
                35.787277
              ],
              [
                112.702724,
                35.787062
              ],
              [
                112.703644,
                35.78699
              ],
              [
                112.70442,
                35.78695
              ],
              [
                112.704928,
                35.787031
              ],
              [
                112.705204,
                35.787248
              ],
              [
                112.705545,
                35.787965
              ],
              [
                112.706111,
                35.789105
              ],
              [
                112.706685,
                35.789745
              ],
              [
                112.707217,
                35.790106
              ],
              [
                112.707747,
                35.790378
              ],
              [
                112.708604,
                35.790734
              ],
              [
                112.709203,
                35.790828
              ],
              [
                112.711378,
                35.791121
              ],
              [
                112.711864,
                35.791041
              ],
              [
                112.713965,
                35.790378
              ],
              [
                112.717956,
                35.788554
              ],
              [
                112.722569,
                35.786249
              ],
              [
                112.723352,
                35.785664
              ],
              [
                112.724007,
                35.78505
              ],
              [
                112.728038,
                35.777526
              ],
              [
                112.726937,
                35.774909
              ],
              [
                112.721937,
                35.763024
              ],
              [
                112.721837,
                35.76283
              ],
              [
                112.71841,
                35.760786
              ],
              [
                112.714178,
                35.759171
              ],
              [
                112.713122,
                35.759061
              ],
              [
                112.711224,
                35.758667
              ],
              [
                112.71028,
                35.758415
              ],
              [
                112.709767,
                35.758113
              ],
              [
                112.709683,
                35.75801
              ],
              [
                112.705674,
                35.753054
              ],
              [
                112.705667,
                35.752996
              ],
              [
                112.705715,
                35.752906
              ],
              [
                112.707293,
                35.750675
              ],
              [
                112.707864,
                35.750039
              ],
              [
                112.708494,
                35.74946
              ],
              [
                112.708886,
                35.749152
              ],
              [
                112.712935,
                35.74632
              ],
              [
                112.713477,
                35.746175
              ],
              [
                112.714498,
                35.746721
              ],
              [
                112.71471,
                35.746718
              ],
              [
                112.715436,
                35.746556
              ],
              [
                112.71603,
                35.746339
              ],
              [
                112.716929,
                35.74599
              ],
              [
                112.719062,
                35.745078
              ],
              [
                112.720185,
                35.744598
              ],
              [
                112.722436,
                35.743046
              ],
              [
                112.722945,
                35.742621
              ],
              [
                112.724013,
                35.741623
              ],
              [
                112.728505,
                35.733164
              ],
              [
                112.72872,
                35.732364
              ],
              [
                112.728737,
                35.732298
              ],
              [
                112.729618,
                35.727817
              ],
              [
                112.729655,
                35.72705
              ],
              [
                112.729604,
                35.72633
              ],
              [
                112.727775,
                35.721948
              ],
              [
                112.727683,
                35.721823
              ],
              [
                112.722983,
                35.715658
              ],
              [
                112.721125,
                35.71322
              ],
              [
                112.713914,
                35.715537
              ],
              [
                112.713526,
                35.715654
              ],
              [
                112.713328,
                35.715699
              ],
              [
                112.712991,
                35.71575
              ],
              [
                112.712581,
                35.715769
              ],
              [
                112.712305,
                35.715759
              ],
              [
                112.71203,
                35.715732
              ],
              [
                112.70452,
                35.714711
              ],
              [
                112.703977,
                35.714614
              ],
              [
                112.703622,
                35.714522
              ],
              [
                112.703273,
                35.714411
              ],
              [
                112.702859,
                35.714254
              ],
              [
                112.702347,
                35.714028
              ],
              [
                112.701756,
                35.713737
              ],
              [
                112.693142,
                35.709342
              ],
              [
                112.689796,
                35.707634
              ],
              [
                112.685069,
                35.704749
              ],
              [
                112.681683,
                35.70306
              ],
              [
                112.675836,
                35.702808
              ],
              [
                112.671352,
                35.70355
              ],
              [
                112.670999,
                35.703641
              ],
              [
                112.669615,
                35.704111
              ],
              [
                112.667844,
                35.705271
              ],
              [
                112.667001,
                35.706006
              ],
              [
                112.666163,
                35.706871
              ],
              [
                112.664724,
                35.707563
              ],
              [
                112.663751,
                35.70794
              ],
              [
                112.663709,
                35.707945
              ],
              [
                112.6636,
                35.707956
              ],
              [
                112.66349,
                35.707965
              ],
              [
                112.66338,
                35.707973
              ],
              [
                112.66327,
                35.707979
              ],
              [
                112.66316,
                35.707985
              ],
              [
                112.66305,
                35.707989
              ],
              [
                112.662939,
                35.707993
              ],
              [
                112.662679,
                35.707999
              ],
              [
                112.662419,
                35.708002
              ],
              [
                112.662159,
                35.708002
              ],
              [
                112.6619,
                35.707999
              ],
              [
                112.66164,
                35.707992
              ],
              [
                112.661381,
                35.707982
              ],
              [
                112.656765,
                35.707761
              ],
              [
                112.656638,
                35.707755
              ],
              [
                112.656512,
                35.707746
              ],
              [
                112.656388,
                35.707734
              ],
              [
                112.656266,
                35.707717
              ],
              [
                112.656147,
                35.707697
              ],
              [
                112.656031,
                35.707671
              ],
              [
                112.655918,
                35.707639
              ],
              [
                112.655738,
                35.707573
              ],
              [
                112.655568,
                35.707492
              ],
              [
                112.655405,
                35.707397
              ],
              [
                112.65525,
                35.707289
              ],
              [
                112.655102,
                35.707171
              ],
              [
                112.651099,
                35.703859
              ],
              [
                112.649576,
                35.700804
              ],
              [
                112.649578,
                35.68622
              ],
              [
                112.649587,
                35.68601
              ],
              [
                112.649601,
                35.685856
              ],
              [
                112.649621,
                35.685702
              ],
              [
                112.649648,
                35.685548
              ],
              [
                112.649678,
                35.685421
              ],
              [
                112.649689,
                35.685379
              ],
              [
                112.649729,
                35.68525
              ],
              [
                112.649784,
                35.685109
              ],
              [
                112.649849,
                35.684977
              ],
              [
                112.649927,
                35.684855
              ],
              [
                112.650017,
                35.684745
              ],
              [
                112.65012,
                35.684649
              ],
              [
                112.650237,
                35.684568
              ],
              [
                112.650373,
                35.684502
              ],
              [
                112.650524,
                35.684454
              ],
              [
                112.656254,
                35.682767
              ],
              [
                112.658648,
                35.682063
              ],
              [
                112.658736,
                35.682119
              ],
              [
                112.659596,
                35.682481
              ],
              [
                112.659737,
                35.682506
              ],
              [
                112.659841,
                35.682487
              ],
              [
                112.659937,
                35.682422
              ],
              [
                112.660157,
                35.682221
              ],
              [
                112.665925,
                35.676769
              ],
              [
                112.666038,
                35.67665
              ],
              [
                112.666142,
                35.676526
              ],
              [
                112.666237,
                35.676397
              ],
              [
                112.666325,
                35.676264
              ],
              [
                112.666406,
                35.676127
              ],
              [
                112.66648,
                35.675987
              ],
              [
                112.666547,
                35.675844
              ],
              [
                112.666607,
                35.675699
              ],
              [
                112.666663,
                35.675552
              ],
              [
                112.666712,
                35.675404
              ],
              [
                112.666757,
                35.675255
              ],
              [
                112.666784,
                35.675156
              ],
              [
                112.666792,
                35.675127
              ],
              [
                112.666823,
                35.674999
              ],
              [
                112.666851,
                35.674871
              ],
              [
                112.666876,
                35.674742
              ],
              [
                112.666896,
                35.674614
              ],
              [
                112.666914,
                35.674486
              ],
              [
                112.666927,
                35.674357
              ],
              [
                112.666936,
                35.674228
              ],
              [
                112.666941,
                35.6741
              ],
              [
                112.666943,
                35.673971
              ],
              [
                112.66694,
                35.673842
              ],
              [
                112.666932,
                35.673699
              ],
              [
                112.66692,
                35.673567
              ],
              [
                112.666919,
                35.673556
              ],
              [
                112.666901,
                35.673413
              ],
              [
                112.666879,
                35.673271
              ],
              [
                112.666852,
                35.673129
              ],
              [
                112.666821,
                35.672987
              ],
              [
                112.666786,
                35.672845
              ],
              [
                112.666747,
                35.672705
              ],
              [
                112.666705,
                35.672564
              ],
              [
                112.666659,
                35.672425
              ],
              [
                112.66661,
                35.672286
              ],
              [
                112.666541,
                35.672106
              ],
              [
                112.666467,
                35.671927
              ],
              [
                112.666389,
                35.671749
              ],
              [
                112.666305,
                35.671573
              ],
              [
                112.666218,
                35.671398
              ],
              [
                112.666126,
                35.671225
              ],
              [
                112.666029,
                35.671053
              ],
              [
                112.665929,
                35.670883
              ],
              [
                112.665825,
                35.670715
              ],
              [
                112.665718,
                35.670547
              ],
              [
                112.665607,
                35.670382
              ],
              [
                112.659854,
                35.661942
              ],
              [
                112.659727,
                35.661761
              ],
              [
                112.659598,
                35.661581
              ],
              [
                112.659466,
                35.661403
              ],
              [
                112.659332,
                35.661225
              ],
              [
                112.659195,
                35.661049
              ],
              [
                112.659055,
                35.660875
              ],
              [
                112.658913,
                35.660701
              ],
              [
                112.658769,
                35.660529
              ],
              [
                112.658622,
                35.660357
              ],
              [
                112.658491,
                35.660207
              ],
              [
                112.658357,
                35.660057
              ],
              [
                112.658221,
                35.659909
              ],
              [
                112.658083,
                35.659762
              ],
              [
                112.657943,
                35.659616
              ],
              [
                112.6578,
                35.659472
              ],
              [
                112.657654,
                35.659331
              ],
              [
                112.657505,
                35.659191
              ],
              [
                112.657353,
                35.659054
              ],
              [
                112.657198,
                35.658919
              ],
              [
                112.657039,
                35.658787
              ],
              [
                112.656891,
                35.658669
              ],
              [
                112.65674,
                35.658552
              ],
              [
                112.656589,
                35.658437
              ],
              [
                112.656436,
                35.658322
              ],
              [
                112.656283,
                35.658208
              ],
              [
                112.656131,
                35.658093
              ],
              [
                112.655981,
                35.657977
              ],
              [
                112.655833,
                35.657859
              ],
              [
                112.655688,
                35.657739
              ],
              [
                112.655546,
                35.657617
              ],
              [
                112.655409,
                35.657491
              ],
              [
                112.655302,
                35.657387
              ],
              [
                112.655198,
                35.65728
              ],
              [
                112.655097,
                35.657171
              ],
              [
                112.654999,
                35.65706
              ],
              [
                112.654903,
                35.656947
              ],
              [
                112.654809,
                35.656833
              ],
              [
                112.654717,
                35.656718
              ],
              [
                112.654627,
                35.656602
              ],
              [
                112.654538,
                35.656486
              ],
              [
                112.65445,
                35.656368
              ],
              [
                112.654363,
                35.656251
              ],
              [
                112.65428,
                35.656139
              ],
              [
                112.654198,
                35.656026
              ],
              [
                112.654116,
                35.655914
              ],
              [
                112.654035,
                35.655802
              ],
              [
                112.653955,
                35.655689
              ],
              [
                112.653875,
                35.655576
              ],
              [
                112.653795,
                35.655463
              ],
              [
                112.653717,
                35.65535
              ],
              [
                112.653638,
                35.655236
              ],
              [
                112.653561,
                35.655122
              ],
              [
                112.653484,
                35.655008
              ],
              [
                112.647952,
                35.646784
              ],
              [
                112.647867,
                35.646657
              ],
              [
                112.647784,
                35.646529
              ],
              [
                112.647703,
                35.6464
              ],
              [
                112.647622,
                35.646271
              ],
              [
                112.647543,
                35.646141
              ],
              [
                112.647464,
                35.646011
              ],
              [
                112.647386,
                35.645881
              ],
              [
                112.647308,
                35.64575
              ],
              [
                112.647225,
                35.645609
              ],
              [
                112.647142,
                35.645467
              ],
              [
                112.647059,
                35.645325
              ],
              [
                112.646978,
                35.645183
              ],
              [
                112.646897,
                35.64504
              ],
              [
                112.646818,
                35.644897
              ],
              [
                112.646741,
                35.644753
              ],
              [
                112.646665,
                35.644609
              ],
              [
                112.646591,
                35.644463
              ],
              [
                112.646518,
                35.644317
              ],
              [
                112.646449,
                35.64417
              ],
              [
                112.64637,
                35.643996
              ],
              [
                112.646295,
                35.64382
              ],
              [
                112.646224,
                35.643644
              ],
              [
                112.646158,
                35.643466
              ],
              [
                112.646098,
                35.643287
              ],
              [
                112.646045,
                35.643107
              ],
              [
                112.644148,
                35.636066
              ],
              [
                112.644115,
                35.631923
              ],
              [
                112.644092,
                35.62895
              ],
              [
                112.642341,
                35.622062
              ],
              [
                112.642306,
                35.621935
              ],
              [
                112.642267,
                35.621809
              ],
              [
                112.642222,
                35.621685
              ],
              [
                112.642164,
                35.621544
              ],
              [
                112.642101,
                35.621405
              ],
              [
                112.640113,
                35.617193
              ],
              [
                112.638786,
                35.614379
              ],
              [
                112.638663,
                35.61414
              ],
              [
                112.638542,
                35.613902
              ],
              [
                112.638423,
                35.613663
              ],
              [
                112.638307,
                35.613423
              ],
              [
                112.638196,
                35.613182
              ],
              [
                112.63809,
                35.612941
              ],
              [
                112.63799,
                35.612698
              ],
              [
                112.637898,
                35.612454
              ],
              [
                112.637848,
                35.612311
              ],
              [
                112.6378,
                35.612168
              ],
              [
                112.637755,
                35.612024
              ],
              [
                112.637712,
                35.611879
              ],
              [
                112.637671,
                35.611734
              ],
              [
                112.637632,
                35.611588
              ],
              [
                112.637594,
                35.611441
              ],
              [
                112.637557,
                35.611294
              ],
              [
                112.637521,
                35.611146
              ],
              [
                112.637486,
                35.610997
              ],
              [
                112.637451,
                35.610847
              ],
              [
                112.637419,
                35.610706
              ],
              [
                112.637388,
                35.610565
              ],
              [
                112.63736,
                35.610423
              ],
              [
                112.637336,
                35.610282
              ],
              [
                112.637315,
                35.61014
              ],
              [
                112.637301,
                35.609999
              ],
              [
                112.637294,
                35.609859
              ],
              [
                112.637294,
                35.609719
              ],
              [
                112.637776,
                35.602349
              ],
              [
                112.637991,
                35.599059
              ],
              [
                112.639424,
                35.595363
              ],
              [
                112.639451,
                35.595286
              ],
              [
                112.639474,
                35.595207
              ],
              [
                112.639494,
                35.595127
              ],
              [
                112.63951,
                35.595046
              ],
              [
                112.639522,
                35.594965
              ],
              [
                112.639656,
                35.593993
              ],
              [
                112.63971,
                35.593453
              ],
              [
                112.639698,
                35.593181
              ],
              [
                112.639635,
                35.592652
              ],
              [
                112.638815,
                35.591321
              ],
              [
                112.638755,
                35.591233
              ],
              [
                112.638689,
                35.591148
              ],
              [
                112.638618,
                35.591067
              ],
              [
                112.638541,
                35.590991
              ],
              [
                112.638457,
                35.59092
              ],
              [
                112.638367,
                35.590854
              ],
              [
                112.638293,
                35.590808
              ],
              [
                112.638215,
                35.590765
              ],
              [
                112.638133,
                35.590726
              ],
              [
                112.638049,
                35.59069
              ],
              [
                112.637962,
                35.590658
              ],
              [
                112.637872,
                35.59063
              ],
              [
                112.637781,
                35.590605
              ],
              [
                112.637688,
                35.590584
              ],
              [
                112.637595,
                35.590566
              ],
              [
                112.6375,
                35.590551
              ],
              [
                112.637405,
                35.59054
              ],
              [
                112.637265,
                35.59053
              ],
              [
                112.637124,
                35.590526
              ],
              [
                112.636984,
                35.590526
              ],
              [
                112.636844,
                35.59053
              ],
              [
                112.636704,
                35.590536
              ],
              [
                112.636564,
                35.590542
              ],
              [
                112.636424,
                35.590547
              ],
              [
                112.636285,
                35.590549
              ],
              [
                112.636146,
                35.590548
              ],
              [
                112.636007,
                35.590542
              ],
              [
                112.635869,
                35.590529
              ],
              [
                112.635757,
                35.590513
              ],
              [
                112.635646,
                35.590492
              ],
              [
                112.635535,
                35.590466
              ],
              [
                112.635426,
                35.590435
              ],
              [
                112.635319,
                35.5904
              ],
              [
                112.635214,
                35.59036
              ],
              [
                112.635112,
                35.590316
              ],
              [
                112.635013,
                35.590268
              ],
              [
                112.634917,
                35.590217
              ],
              [
                112.634825,
                35.590161
              ],
              [
                112.634737,
                35.590102
              ],
              [
                112.634621,
                35.590014
              ],
              [
                112.629128,
                35.585278
              ],
              [
                112.629048,
                35.585204
              ],
              [
                112.628974,
                35.585127
              ],
              [
                112.628906,
                35.585048
              ],
              [
                112.628847,
                35.584966
              ],
              [
                112.628795,
                35.584882
              ],
              [
                112.628753,
                35.584794
              ],
              [
                112.628725,
                35.584718
              ],
              [
                112.628704,
                35.58464
              ],
              [
                112.62869,
                35.584561
              ],
              [
                112.62868,
                35.58448
              ],
              [
                112.628676,
                35.584398
              ],
              [
                112.628677,
                35.584315
              ],
              [
                112.628682,
                35.584232
              ],
              [
                112.628691,
                35.584148
              ],
              [
                112.628703,
                35.584064
              ],
              [
                112.628718,
                35.583981
              ],
              [
                112.628735,
                35.583898
              ],
              [
                112.628776,
                35.583727
              ],
              [
                112.628825,
                35.58356
              ],
              [
                112.628879,
                35.583394
              ],
              [
                112.628938,
                35.583231
              ],
              [
                112.629001,
                35.58307
              ],
              [
                112.629067,
                35.58291
              ],
              [
                112.629135,
                35.58275
              ],
              [
                112.629204,
                35.58259
              ],
              [
                112.629274,
                35.58243
              ],
              [
                112.629342,
                35.582269
              ],
              [
                112.629408,
                35.582107
              ],
              [
                112.629455,
                35.581987
              ],
              [
                112.6295,
                35.581866
              ],
              [
                112.629542,
                35.581745
              ],
              [
                112.629582,
                35.581623
              ],
              [
                112.629619,
                35.5815
              ],
              [
                112.629652,
                35.581378
              ],
              [
                112.629682,
                35.581255
              ],
              [
                112.629707,
                35.581132
              ],
              [
                112.629728,
                35.581009
              ],
              [
                112.629744,
                35.580886
              ],
              [
                112.629755,
                35.580764
              ],
              [
                112.62976,
                35.580636
              ],
              [
                112.629759,
                35.580509
              ],
              [
                112.629753,
                35.580383
              ],
              [
                112.629741,
                35.580256
              ],
              [
                112.629725,
                35.580128
              ],
              [
                112.629703,
                35.58
              ],
              [
                112.629677,
                35.579871
              ],
              [
                112.629646,
                35.579742
              ],
              [
                112.629612,
                35.57961
              ],
              [
                112.629574,
                35.579478
              ],
              [
                112.629532,
                35.579343
              ],
              [
                112.629513,
                35.579285
              ],
              [
                112.629493,
                35.579227
              ],
              [
                112.629472,
                35.57917
              ],
              [
                112.629449,
                35.579113
              ],
              [
                112.629424,
                35.579058
              ],
              [
                112.629396,
                35.579006
              ],
              [
                112.629366,
                35.578955
              ],
              [
                112.629333,
                35.578908
              ],
              [
                112.629296,
                35.578864
              ],
              [
                112.629255,
                35.578824
              ],
              [
                112.629211,
                35.578789
              ],
              [
                112.629147,
                35.57875
              ],
              [
                112.629077,
                35.578719
              ],
              [
                112.629002,
                35.578694
              ],
              [
                112.628921,
                35.578675
              ],
              [
                112.628836,
                35.57866
              ],
              [
                112.628747,
                35.57865
              ],
              [
                112.628656,
                35.578643
              ],
              [
                112.624721,
                35.578353
              ],
              [
                112.624593,
                35.578344
              ],
              [
                112.624434,
                35.578334
              ],
              [
                112.624275,
                35.578326
              ],
              [
                112.624116,
                35.578319
              ],
              [
                112.623957,
                35.578314
              ],
              [
                112.623798,
                35.578311
              ],
              [
                112.623639,
                35.578311
              ],
              [
                112.623481,
                35.578313
              ],
              [
                112.623323,
                35.578317
              ],
              [
                112.623165,
                35.578324
              ],
              [
                112.623008,
                35.578334
              ],
              [
                112.62285,
                35.578346
              ],
              [
                112.6227,
                35.578361
              ],
              [
                112.622551,
                35.578379
              ],
              [
                112.622402,
                35.578399
              ],
              [
                112.622253,
                35.578421
              ],
              [
                112.622104,
                35.578446
              ],
              [
                112.621956,
                35.578472
              ],
              [
                112.621807,
                35.578499
              ],
              [
                112.62166,
                35.578528
              ],
              [
                112.621512,
                35.578558
              ],
              [
                112.621364,
                35.578589
              ],
              [
                112.621217,
                35.578621
              ],
              [
                112.621062,
                35.578655
              ],
              [
                112.620908,
                35.578688
              ],
              [
                112.620753,
                35.578722
              ],
              [
                112.620598,
                35.578754
              ],
              [
                112.620444,
                35.578785
              ],
              [
                112.620288,
                35.578815
              ],
              [
                112.620133,
                35.578842
              ],
              [
                112.619977,
                35.578866
              ],
              [
                112.619821,
                35.578887
              ],
              [
                112.619664,
                35.578904
              ],
              [
                112.619506,
                35.578918
              ],
              [
                112.619351,
                35.578927
              ],
              [
                112.619195,
                35.578931
              ],
              [
                112.61904,
                35.578932
              ],
              [
                112.618883,
                35.578928
              ],
              [
                112.618727,
                35.578921
              ],
              [
                112.618571,
                35.57891
              ],
              [
                112.618416,
                35.578895
              ],
              [
                112.618261,
                35.578877
              ],
              [
                112.618106,
                35.578856
              ],
              [
                112.617952,
                35.578831
              ],
              [
                112.610793,
                35.577686
              ],
              [
                112.610665,
                35.577663
              ],
              [
                112.610538,
                35.577637
              ],
              [
                112.610412,
                35.577608
              ],
              [
                112.610288,
                35.577575
              ],
              [
                112.610167,
                35.577538
              ],
              [
                112.610048,
                35.577497
              ],
              [
                112.609932,
                35.577452
              ],
              [
                112.609819,
                35.577401
              ],
              [
                112.609702,
                35.577341
              ],
              [
                112.609588,
                35.577275
              ],
              [
                112.609479,
                35.577203
              ],
              [
                112.609374,
                35.577127
              ],
              [
                112.609272,
                35.577047
              ],
              [
                112.609175,
                35.576962
              ],
              [
                112.609081,
                35.576874
              ],
              [
                112.608991,
                35.576784
              ],
              [
                112.608905,
                35.57669
              ],
              [
                112.608822,
                35.576595
              ],
              [
                112.608742,
                35.576498
              ],
              [
                112.608613,
                35.576329
              ],
              [
                112.604013,
                35.569952
              ],
              [
                112.604191,
                35.567169
              ],
              [
                112.604568,
                35.561283
              ],
              [
                112.604724,
                35.560959
              ],
              [
                112.606252,
                35.557943
              ],
              [
                112.607463,
                35.556307
              ],
              [
                112.607603,
                35.556224
              ],
              [
                112.607797,
                35.556134
              ],
              [
                112.608034,
                35.55609
              ],
              [
                112.60878,
                35.555974
              ],
              [
                112.609701,
                35.555919
              ],
              [
                112.60997,
                35.555905
              ],
              [
                112.610949,
                35.555929
              ],
              [
                112.611423,
                35.555909
              ],
              [
                112.611922,
                35.555841
              ],
              [
                112.612599,
                35.555691
              ],
              [
                112.613449,
                35.555449
              ],
              [
                112.613763,
                35.55533
              ],
              [
                112.613907,
                35.555261
              ],
              [
                112.614159,
                35.555103
              ],
              [
                112.614261,
                35.555011
              ],
              [
                112.614344,
                35.55491
              ],
              [
                112.614406,
                35.554798
              ],
              [
                112.614439,
                35.5547
              ],
              [
                112.614463,
                35.55449
              ],
              [
                112.614443,
                35.554272
              ],
              [
                112.614418,
                35.554182
              ],
              [
                112.613494,
                35.552231
              ],
              [
                112.613143,
                35.551492
              ],
              [
                112.611394,
                35.546762
              ],
              [
                112.6114,
                35.546597
              ],
              [
                112.614307,
                35.539599
              ],
              [
                112.615908,
                35.536047
              ],
              [
                112.614749,
                35.531934
              ],
              [
                112.612083,
                35.531897
              ],
              [
                112.610395,
                35.532088
              ],
              [
                112.594571,
                35.535165
              ],
              [
                112.593955,
                35.535308
              ],
              [
                112.588578,
                35.538853
              ],
              [
                112.588011,
                35.539367
              ],
              [
                112.587152,
                35.54184
              ],
              [
                112.58704,
                35.542449
              ],
              [
                112.586974,
                35.543293
              ],
              [
                112.587085,
                35.544742
              ],
              [
                112.587189,
                35.545853
              ],
              [
                112.587658,
                35.546623
              ],
              [
                112.588408,
                35.546984
              ],
              [
                112.589441,
                35.547004
              ],
              [
                112.590837,
                35.546648
              ],
              [
                112.592189,
                35.546192
              ],
              [
                112.593466,
                35.546074
              ],
              [
                112.594376,
                35.546163
              ],
              [
                112.595292,
                35.546589
              ],
              [
                112.60442,
                35.55318
              ],
              [
                112.605259,
                35.553877
              ],
              [
                112.605937,
                35.554745
              ],
              [
                112.606244,
                35.555651
              ],
              [
                112.606265,
                35.556697
              ],
              [
                112.605667,
                35.55775
              ],
              [
                112.604389,
                35.559926
              ],
              [
                112.603943,
                35.560303
              ],
              [
                112.595704,
                35.561087
              ],
              [
                112.595043,
                35.561095
              ],
              [
                112.584095,
                35.559356
              ],
              [
                112.573679,
                35.5577
              ],
              [
                112.568529,
                35.558205
              ],
              [
                112.568458,
                35.55878
              ],
              [
                112.566268,
                35.560764
              ],
              [
                112.565287,
                35.561283
              ],
              [
                112.563647,
                35.561844
              ],
              [
                112.562122,
                35.561931
              ],
              [
                112.56121,
                35.561741
              ],
              [
                112.560582,
                35.56131
              ],
              [
                112.559065,
                35.559677
              ],
              [
                112.557965,
                35.558275
              ],
              [
                112.556796,
                35.557616
              ],
              [
                112.555511,
                35.557329
              ],
              [
                112.554026,
                35.557348
              ],
              [
                112.552587,
                35.55767
              ],
              [
                112.548742,
                35.559439
              ],
              [
                112.548297,
                35.559917
              ],
              [
                112.547576,
                35.561073
              ],
              [
                112.546162,
                35.562643
              ],
              [
                112.543981,
                35.564754
              ],
              [
                112.54369,
                35.565036
              ],
              [
                112.542059,
                35.566102
              ],
              [
                112.541292,
                35.566283
              ],
              [
                112.540434,
                35.566264
              ],
              [
                112.539412,
                35.566028
              ],
              [
                112.529354,
                35.56058
              ],
              [
                112.528574,
                35.560124
              ],
              [
                112.527493,
                35.559072
              ],
              [
                112.527202,
                35.55879
              ],
              [
                112.527289,
                35.557824
              ],
              [
                112.527142,
                35.556578
              ],
              [
                112.526897,
                35.554524
              ],
              [
                112.526583,
                35.553213
              ],
              [
                112.525651,
                35.551977
              ],
              [
                112.52457,
                35.551518
              ],
              [
                112.523414,
                35.551499
              ],
              [
                112.52197,
                35.551551
              ],
              [
                112.520986,
                35.551867
              ],
              [
                112.520252,
                35.552348
              ],
              [
                112.517975,
                35.554165
              ],
              [
                112.514975,
                35.557035
              ],
              [
                112.513273,
                35.558709
              ],
              [
                112.512705,
                35.559256
              ],
              [
                112.508062,
                35.562552
              ],
              [
                112.507528,
                35.562728
              ],
              [
                112.506952,
                35.562802
              ],
              [
                112.505919,
                35.562748
              ],
              [
                112.503478,
                35.562475
              ],
              [
                112.502488,
                35.562487
              ],
              [
                112.499346,
                35.563355
              ],
              [
                112.497027,
                35.5643
              ],
              [
                112.495916,
                35.564925
              ],
              [
                112.494219,
                35.566665
              ],
              [
                112.493121,
                35.567977
              ],
              [
                112.491653,
                35.569485
              ],
              [
                112.490366,
                35.570685
              ],
              [
                112.488839,
                35.571506
              ],
              [
                112.488418,
                35.571511
              ],
              [
                112.488228,
                35.571323
              ],
              [
                112.486359,
                35.566342
              ],
              [
                112.486006,
                35.564933
              ],
              [
                112.485994,
                35.564284
              ],
              [
                112.486401,
                35.563553
              ],
              [
                112.487314,
                35.562358
              ],
              [
                112.48735,
                35.561784
              ],
              [
                112.483961,
                35.557968
              ],
              [
                112.480342,
                35.554384
              ],
              [
                112.479585,
                35.553859
              ],
              [
                112.471162,
                35.550753
              ],
              [
                112.470584,
                35.550977
              ],
              [
                112.470518,
                35.551036
              ],
              [
                112.46433,
                35.558017
              ],
              [
                112.464201,
                35.558668
              ],
              [
                112.464263,
                35.55947
              ],
              [
                112.464674,
                35.561527
              ],
              [
                112.464981,
                35.563013
              ],
              [
                112.465387,
                35.564727
              ],
              [
                112.465783,
                35.565945
              ],
              [
                112.466421,
                35.567618
              ],
              [
                112.466115,
                35.568805
              ],
              [
                112.4651,
                35.569543
              ],
              [
                112.464218,
                35.56986
              ],
              [
                112.462489,
                35.569919
              ],
              [
                112.459916,
                35.569836
              ],
              [
                112.456363,
                35.569802
              ],
              [
                112.453747,
                35.56991
              ],
              [
                112.452836,
                35.57008
              ],
              [
                112.452806,
                35.57012
              ],
              [
                112.452243,
                35.571262
              ],
              [
                112.451755,
                35.572249
              ],
              [
                112.451234,
                35.573504
              ],
              [
                112.451211,
                35.573569
              ],
              [
                112.451215,
                35.573643
              ],
              [
                112.452457,
                35.582618
              ],
              [
                112.452895,
                35.583404
              ],
              [
                112.460353,
                35.592127
              ],
              [
                112.460978,
                35.592853
              ],
              [
                112.461907,
                35.59319
              ],
              [
                112.464054,
                35.59375
              ],
              [
                112.464477,
                35.593897
              ],
              [
                112.464652,
                35.594172
              ],
              [
                112.466049,
                35.598969
              ],
              [
                112.466073,
                35.599751
              ],
              [
                112.465906,
                35.600307
              ],
              [
                112.462158,
                35.604099
              ],
              [
                112.462035,
                35.604209
              ],
              [
                112.456433,
                35.607162
              ],
              [
                112.454385,
                35.60816
              ],
              [
                112.452273,
                35.608857
              ],
              [
                112.451498,
                35.609133
              ],
              [
                112.45112,
                35.609373
              ],
              [
                112.450163,
                35.610002
              ],
              [
                112.449227,
                35.610832
              ],
              [
                112.448538,
                35.611453
              ],
              [
                112.448303,
                35.611885
              ],
              [
                112.447117,
                35.61445
              ],
              [
                112.447136,
                35.614736
              ],
              [
                112.449041,
                35.620081
              ],
              [
                112.450074,
                35.622895
              ],
              [
                112.451856,
                35.625738
              ],
              [
                112.452912,
                35.627215
              ],
              [
                112.453871,
                35.628502
              ],
              [
                112.454308,
                35.629375
              ],
              [
                112.454108,
                35.631249
              ],
              [
                112.453607,
                35.631981
              ],
              [
                112.452267,
                35.632952
              ],
              [
                112.446262,
                35.637226
              ],
              [
                112.440057,
                35.640814
              ],
              [
                112.439356,
                35.640899
              ],
              [
                112.438289,
                35.64137
              ],
              [
                112.434003,
                35.645088
              ],
              [
                112.433325,
                35.645923
              ],
              [
                112.43212,
                35.650316
              ],
              [
                112.431544,
                35.654304
              ],
              [
                112.431544,
                35.654307
              ],
              [
                112.431404,
                35.655273
              ],
              [
                112.431057,
                35.659697
              ],
              [
                112.429164,
                35.66138
              ],
              [
                112.422962,
                35.666893
              ],
              [
                112.422601,
                35.667196
              ],
              [
                112.421811,
                35.667826
              ],
              [
                112.421292,
                35.667974
              ],
              [
                112.419561,
                35.667843
              ],
              [
                112.419407,
                35.667811
              ],
              [
                112.41934,
                35.667739
              ],
              [
                112.419319,
                35.667716
              ],
              [
                112.416216,
                35.665984
              ],
              [
                112.409984,
                35.665578
              ],
              [
                112.407879,
                35.665679
              ],
              [
                112.40447,
                35.666139
              ],
              [
                112.400373,
                35.666891
              ],
              [
                112.399,
                35.667247
              ],
              [
                112.396951,
                35.668624
              ],
              [
                112.391847,
                35.672864
              ],
              [
                112.390552,
                35.674374
              ],
              [
                112.389002,
                35.675922
              ],
              [
                112.387057,
                35.676831
              ],
              [
                112.38536,
                35.677268
              ],
              [
                112.383153,
                35.677815
              ],
              [
                112.380009,
                35.678012
              ],
              [
                112.378656,
                35.678097
              ],
              [
                112.375361,
                35.677811
              ],
              [
                112.374858,
                35.677713
              ],
              [
                112.374216,
                35.677838
              ],
              [
                112.368126,
                35.679106
              ],
              [
                112.368056,
                35.679122
              ],
              [
                112.365796,
                35.680311
              ],
              [
                112.36563,
                35.680461
              ],
              [
                112.365152,
                35.681235
              ],
              [
                112.365093,
                35.68219
              ],
              [
                112.360705,
                35.683624
              ],
              [
                112.357717,
                35.680852
              ],
              [
                112.352351,
                35.677764
              ],
              [
                112.350737,
                35.676894
              ],
              [
                112.342906,
                35.674465
              ],
              [
                112.342787,
                35.674439
              ],
              [
                112.342714,
                35.67445
              ],
              [
                112.342573,
                35.674523
              ],
              [
                112.34207,
                35.674901
              ],
              [
                112.34114,
                35.678464
              ],
              [
                112.341936,
                35.680194
              ],
              [
                112.342893,
                35.681343
              ],
              [
                112.343158,
                35.681743
              ],
              [
                112.343189,
                35.681813
              ],
              [
                112.343194,
                35.681847
              ],
              [
                112.343201,
                35.6819
              ],
              [
                112.342833,
                35.685504
              ],
              [
                112.342807,
                35.685647
              ],
              [
                112.342624,
                35.686537
              ],
              [
                112.342515,
                35.686795
              ],
              [
                112.342349,
                35.687006
              ],
              [
                112.341966,
                35.687045
              ],
              [
                112.336868,
                35.685537
              ],
              [
                112.335665,
                35.684959
              ],
              [
                112.334793,
                35.683821
              ],
              [
                112.327879,
                35.681185
              ],
              [
                112.325125,
                35.680794
              ],
              [
                112.320689,
                35.680165
              ],
              [
                112.315039,
                35.679363
              ],
              [
                112.314363,
                35.679524
              ],
              [
                112.313733,
                35.680208
              ],
              [
                112.313,
                35.681477
              ],
              [
                112.312381,
                35.682868
              ],
              [
                112.311906,
                35.683766
              ],
              [
                112.311198,
                35.684297
              ],
              [
                112.310409,
                35.68449
              ],
              [
                112.309465,
                35.684439
              ],
              [
                112.308973,
                35.68429
              ],
              [
                112.308287,
                35.683867
              ],
              [
                112.307214,
                35.682863
              ],
              [
                112.301371,
                35.678342
              ],
              [
                112.29966,
                35.677179
              ],
              [
                112.293463,
                35.672968
              ],
              [
                112.293404,
                35.672928
              ],
              [
                112.290932,
                35.671248
              ],
              [
                112.288444,
                35.669558
              ],
              [
                112.288076,
                35.669371
              ],
              [
                112.287602,
                35.669254
              ],
              [
                112.286622,
                35.66913
              ],
              [
                112.282197,
                35.667901
              ],
              [
                112.279777,
                35.663584
              ],
              [
                112.279835,
                35.658089
              ],
              [
                112.27986,
                35.65797
              ],
              [
                112.280231,
                35.657429
              ],
              [
                112.280505,
                35.657052
              ],
              [
                112.279931,
                35.652806
              ],
              [
                112.272878,
                35.647744
              ],
              [
                112.271859,
                35.647163
              ],
              [
                112.27152,
                35.646969
              ],
              [
                112.270801,
                35.646558
              ],
              [
                112.270692,
                35.646496
              ],
              [
                112.270459,
                35.646404
              ],
              [
                112.268603,
                35.645674
              ],
              [
                112.268367,
                35.645614
              ],
              [
                112.267474,
                35.645417
              ],
              [
                112.266939,
                35.645385
              ],
              [
                112.266585,
                35.645377
              ],
              [
                112.266112,
                35.64537
              ],
              [
                112.258111,
                35.645682
              ],
              [
                112.252127,
                35.648321
              ],
              [
                112.251706,
                35.648492
              ],
              [
                112.247794,
                35.649479
              ],
              [
                112.24701,
                35.649448
              ],
              [
                112.245751,
                35.648774
              ],
              [
                112.245089,
                35.648322
              ],
              [
                112.233144,
                35.648929
              ],
              [
                112.227172,
                35.650264
              ],
              [
                112.216922,
                35.651215
              ],
              [
                112.216076,
                35.651293
              ],
              [
                112.215388,
                35.651224
              ],
              [
                112.197066,
                35.649115
              ],
              [
                112.196346,
                35.648943
              ],
              [
                112.194521,
                35.647968
              ],
              [
                112.19266,
                35.646636
              ],
              [
                112.191519,
                35.64545
              ],
              [
                112.19028,
                35.643985
              ],
              [
                112.189451,
                35.642796
              ],
              [
                112.189032,
                35.641959
              ],
              [
                112.188837,
                35.641401
              ],
              [
                112.188727,
                35.638166
              ],
              [
                112.188716,
                35.637453
              ],
              [
                112.188797,
                35.636612
              ],
              [
                112.191105,
                35.624154
              ],
              [
                112.191572,
                35.623641
              ],
              [
                112.192039,
                35.623309
              ],
              [
                112.192746,
                35.622998
              ],
              [
                112.19323,
                35.622901
              ],
              [
                112.194228,
                35.622811
              ],
              [
                112.194872,
                35.622693
              ],
              [
                112.195506,
                35.622575
              ],
              [
                112.198749,
                35.621615
              ],
              [
                112.199283,
                35.621437
              ],
              [
                112.200666,
                35.620833
              ],
              [
                112.201986,
                35.619461
              ],
              [
                112.202775,
                35.618582
              ],
              [
                112.203018,
                35.618105
              ],
              [
                112.203445,
                35.616595
              ],
              [
                112.203277,
                35.615782
              ],
              [
                112.202984,
                35.614969
              ],
              [
                112.202286,
                35.614186
              ],
              [
                112.200959,
                35.613079
              ],
              [
                112.199859,
                35.612504
              ],
              [
                112.198071,
                35.611859
              ],
              [
                112.198822,
                35.609391
              ],
              [
                112.202353,
                35.597779
              ],
              [
                112.202652,
                35.596961
              ],
              [
                112.203231,
                35.596064
              ],
              [
                112.203877,
                35.59542
              ],
              [
                112.204492,
                35.594854
              ],
              [
                112.205603,
                35.594027
              ],
              [
                112.206746,
                35.593328
              ],
              [
                112.207428,
                35.593016
              ],
              [
                112.208112,
                35.592881
              ],
              [
                112.209577,
                35.592841
              ],
              [
                112.211323,
                35.592824
              ],
              [
                112.214065,
                35.592643
              ],
              [
                112.215311,
                35.592503
              ],
              [
                112.215525,
                35.592246
              ],
              [
                112.215675,
                35.591863
              ],
              [
                112.215017,
                35.590119
              ],
              [
                112.213447,
                35.587894
              ],
              [
                112.213246,
                35.587692
              ],
              [
                112.212278,
                35.587243
              ],
              [
                112.209841,
                35.584126
              ],
              [
                112.205337,
                35.578362
              ],
              [
                112.205015,
                35.577703
              ],
              [
                112.20488,
                35.577017
              ],
              [
                112.204932,
                35.576328
              ],
              [
                112.205046,
                35.575589
              ],
              [
                112.213189,
                35.563457
              ],
              [
                112.213984,
                35.56243
              ],
              [
                112.214721,
                35.561709
              ],
              [
                112.215339,
                35.561346
              ],
              [
                112.216147,
                35.56116
              ],
              [
                112.222115,
                35.557889
              ],
              [
                112.2346,
                35.546655
              ],
              [
                112.238756,
                35.540996
              ],
              [
                112.239049,
                35.540466
              ],
              [
                112.239027,
                35.539954
              ],
              [
                112.238868,
                35.539437
              ],
              [
                112.237827,
                35.53614
              ],
              [
                112.237181,
                35.534094
              ],
              [
                112.236698,
                35.533054
              ],
              [
                112.236192,
                35.532576
              ],
              [
                112.23506,
                35.53195
              ],
              [
                112.232519,
                35.530855
              ],
              [
                112.230294,
                35.530088
              ],
              [
                112.228026,
                35.529412
              ],
              [
                112.2279,
                35.529404
              ],
              [
                112.227418,
                35.529429
              ],
              [
                112.219292,
                35.529996
              ],
              [
                112.213101,
                35.533012
              ],
              [
                112.212003,
                35.534401
              ],
              [
                112.211175,
                35.535301
              ],
              [
                112.210951,
                35.535447
              ],
              [
                112.210248,
                35.535845
              ],
              [
                112.209037,
                35.536137
              ],
              [
                112.208319,
                35.536068
              ],
              [
                112.207256,
                35.535824
              ],
              [
                112.206659,
                35.535524
              ],
              [
                112.206217,
                35.535146
              ],
              [
                112.203716,
                35.532547
              ],
              [
                112.203585,
                35.532167
              ],
              [
                112.20367,
                35.53158
              ],
              [
                112.203997,
                35.530481
              ],
              [
                112.204411,
                35.529025
              ],
              [
                112.204648,
                35.528156
              ],
              [
                112.20476,
                35.527314
              ],
              [
                112.204686,
                35.526551
              ],
              [
                112.204069,
                35.524876
              ],
              [
                112.20375,
                35.524369
              ],
              [
                112.203336,
                35.524019
              ],
              [
                112.196234,
                35.521896
              ],
              [
                112.195671,
                35.5218
              ],
              [
                112.194831,
                35.521859
              ],
              [
                112.191141,
                35.523093
              ],
              [
                112.189994,
                35.523538
              ],
              [
                112.189284,
                35.523978
              ],
              [
                112.189141,
                35.524058
              ],
              [
                112.188654,
                35.524111
              ],
              [
                112.1876,
                35.524126
              ],
              [
                112.181732,
                35.524165
              ],
              [
                112.18143,
                35.524154
              ],
              [
                112.181314,
                35.524043
              ],
              [
                112.181306,
                35.523954
              ],
              [
                112.180964,
                35.515328
              ],
              [
                112.18086,
                35.512698
              ],
              [
                112.180759,
                35.511901
              ],
              [
                112.18029,
                35.508191
              ],
              [
                112.179435,
                35.504874
              ],
              [
                112.178277,
                35.50038
              ],
              [
                112.177862,
                35.498769
              ],
              [
                112.176787,
                35.494593
              ],
              [
                112.174661,
                35.48634
              ],
              [
                112.174508,
                35.485864
              ],
              [
                112.174261,
                35.485587
              ],
              [
                112.171448,
                35.483104
              ],
              [
                112.169097,
                35.482231
              ],
              [
                112.161891,
                35.480766
              ],
              [
                112.15913,
                35.480215
              ],
              [
                112.158253,
                35.480144
              ],
              [
                112.157302,
                35.480133
              ],
              [
                112.150777,
                35.480295
              ],
              [
                112.150266,
                35.48032
              ],
              [
                112.149515,
                35.480586
              ],
              [
                112.148668,
                35.480953
              ],
              [
                112.140272,
                35.484975
              ],
              [
                112.138245,
                35.488519
              ],
              [
                112.138213,
                35.488626
              ],
              [
                112.136294,
                35.491277
              ],
              [
                112.135958,
                35.491632
              ],
              [
                112.135549,
                35.492054
              ],
              [
                112.135188,
                35.492316
              ],
              [
                112.114904,
                35.4929
              ],
              [
                112.114197,
                35.492871
              ],
              [
                112.113465,
                35.492798
              ],
              [
                112.113215,
                35.492695
              ],
              [
                112.112333,
                35.492283
              ],
              [
                112.111187,
                35.490173
              ],
              [
                112.110467,
                35.488847
              ],
              [
                112.108973,
                35.485594
              ],
              [
                112.108554,
                35.484147
              ],
              [
                112.1085,
                35.483981
              ],
              [
                112.107343,
                35.48112
              ],
              [
                112.103223,
                35.478394
              ],
              [
                112.101081,
                35.476976
              ],
              [
                112.100928,
                35.476875
              ],
              [
                112.100584,
                35.476648
              ],
              [
                112.096361,
                35.473992
              ],
              [
                112.091632,
                35.47306
              ],
              [
                112.090295,
                35.472925
              ],
              [
                112.086992,
                35.472436
              ],
              [
                112.086565,
                35.472294
              ],
              [
                112.086243,
                35.472024
              ],
              [
                112.084115,
                35.468434
              ],
              [
                112.082876,
                35.466141
              ],
              [
                112.082548,
                35.465247
              ],
              [
                112.082416,
                35.464531
              ],
              [
                112.082501,
                35.463614
              ],
              [
                112.082951,
                35.462674
              ],
              [
                112.083765,
                35.46161
              ],
              [
                112.084677,
                35.460606
              ],
              [
                112.085155,
                35.459944
              ],
              [
                112.085268,
                35.459326
              ],
              [
                112.084335,
                35.45509
              ],
              [
                112.084009,
                35.454416
              ],
              [
                112.083615,
                35.454041
              ],
              [
                112.0831,
                35.453787
              ],
              [
                112.080336,
                35.452815
              ],
              [
                112.075978,
                35.451041
              ],
              [
                112.075341,
                35.450708
              ],
              [
                112.074749,
                35.450195
              ],
              [
                112.074327,
                35.449582
              ],
              [
                112.073978,
                35.448927
              ],
              [
                112.073924,
                35.448529
              ],
              [
                112.073674,
                35.444348
              ],
              [
                112.073164,
                35.438838
              ],
              [
                112.072906,
                35.436047
              ],
              [
                112.071671,
                35.426873
              ],
              [
                112.071084,
                35.423864
              ],
              [
                112.064772,
                35.420977
              ],
              [
                112.062387,
                35.414814
              ],
              [
                112.062139,
                35.414171
              ],
              [
                112.061344,
                35.412115
              ],
              [
                112.060767,
                35.410625
              ],
              [
                112.060629,
                35.410267
              ],
              [
                112.061264,
                35.400075
              ],
              [
                112.061617,
                35.394475
              ],
              [
                112.061631,
                35.39382
              ],
              [
                112.061479,
                35.393568
              ],
              [
                112.061127,
                35.393067
              ],
              [
                112.060137,
                35.392289
              ],
              [
                112.059258,
                35.392098
              ],
              [
                112.048404,
                35.389981
              ],
              [
                112.046795,
                35.389756
              ],
              [
                112.044043,
                35.389521
              ],
              [
                112.038442,
                35.389131
              ],
              [
                112.037712,
                35.389097
              ],
              [
                112.037251,
                35.389221
              ],
              [
                112.035453,
                35.390501
              ],
              [
                112.034486,
                35.391364
              ],
              [
                112.033333,
                35.392474
              ],
              [
                112.029565,
                35.395082
              ],
              [
                112.02858,
                35.395522
              ],
              [
                112.027943,
                35.395755
              ],
              [
                112.027044,
                35.395862
              ],
              [
                112.026509,
                35.395847
              ],
              [
                112.025983,
                35.39575
              ],
              [
                112.023086,
                35.394601
              ],
              [
                112.022132,
                35.394171
              ],
              [
                112.020809,
                35.393465
              ],
              [
                112.019675,
                35.39263
              ],
              [
                112.017648,
                35.392462
              ],
              [
                112.013161,
                35.392008
              ],
              [
                112.012974,
                35.391989
              ],
              [
                112.011388,
                35.391829
              ],
              [
                112.007499,
                35.391435
              ],
              [
                112.004481,
                35.390789
              ],
              [
                112.004361,
                35.390769
              ],
              [
                112.003484,
                35.391042
              ],
              [
                112.003196,
                35.39121
              ],
              [
                112.001733,
                35.392417
              ],
              [
                112.000559,
                35.394031
              ],
              [
                112.000544,
                35.394445
              ],
              [
                111.998613,
                35.399269
              ],
              [
                111.994714,
                35.401361
              ],
              [
                111.992803,
                35.402916
              ],
              [
                111.990767,
                35.404573
              ],
              [
                111.984948,
                35.40931
              ],
              [
                111.983309,
                35.411136
              ],
              [
                111.983019,
                35.412086
              ],
              [
                111.982934,
                35.413405
              ],
              [
                111.982613,
                35.414381
              ],
              [
                111.982422,
                35.414813
              ],
              [
                111.982011,
                35.415529
              ],
              [
                111.980093,
                35.418182
              ],
              [
                111.979036,
                35.419549
              ],
              [
                111.976846,
                35.421818
              ],
              [
                111.971725,
                35.426033
              ],
              [
                111.971362,
                35.426229
              ],
              [
                111.969953,
                35.426241
              ],
              [
                111.968691,
                35.425921
              ],
              [
                111.967074,
                35.425357
              ],
              [
                111.958914,
                35.420684
              ],
              [
                111.956119,
                35.419231
              ],
              [
                111.956109,
                35.419882
              ],
              [
                111.956201,
                35.420117
              ],
              [
                111.956273,
                35.42027
              ],
              [
                111.956314,
                35.420346
              ],
              [
                111.959112,
                35.425123
              ],
              [
                111.959202,
                35.425271
              ],
              [
                111.959302,
                35.425414
              ],
              [
                111.959415,
                35.42555
              ],
              [
                111.959477,
                35.425614
              ],
              [
                111.959542,
                35.425676
              ],
              [
                111.959611,
                35.425735
              ],
              [
                111.963062,
                35.428611
              ],
              [
                111.963203,
                35.428728
              ],
              [
                111.963348,
                35.428842
              ],
              [
                111.963575,
                35.429004
              ],
              [
                111.963886,
                35.429215
              ],
              [
                111.964044,
                35.429319
              ],
              [
                111.964208,
                35.429413
              ],
              [
                111.964293,
                35.429454
              ],
              [
                111.964382,
                35.429491
              ],
              [
                111.964474,
                35.429523
              ],
              [
                111.964519,
                35.429534
              ],
              [
                111.965155,
                35.429558
              ],
              [
                111.96534,
                35.429592
              ],
              [
                111.965817,
                35.429691
              ],
              [
                111.966075,
                35.429803
              ],
              [
                111.966094,
                35.429823
              ],
              [
                111.966151,
                35.429891
              ],
              [
                111.966204,
                35.429961
              ],
              [
                111.9663,
                35.430108
              ],
              [
                111.967422,
                35.432102
              ],
              [
                111.967463,
                35.432176
              ],
              [
                111.967497,
                35.432251
              ],
              [
                111.967523,
                35.432328
              ],
              [
                111.967539,
                35.432407
              ],
              [
                111.967546,
                35.432489
              ],
              [
                111.967542,
                35.43257
              ],
              [
                111.965844,
                35.444891
              ],
              [
                111.965155,
                35.447277
              ],
              [
                111.964766,
                35.448625
              ],
              [
                111.96321,
                35.454013
              ],
              [
                111.96069,
                35.459511
              ],
              [
                111.957597,
                35.466594
              ],
              [
                111.957472,
                35.466907
              ],
              [
                111.957386,
                35.467144
              ],
              [
                111.957306,
                35.467382
              ],
              [
                111.956848,
                35.468736
              ],
              [
                111.956795,
                35.468894
              ],
              [
                111.95675,
                35.469054
              ],
              [
                111.956733,
                35.469134
              ],
              [
                111.95671,
                35.469294
              ],
              [
                111.956704,
                35.469375
              ],
              [
                111.956704,
                35.469456
              ],
              [
                111.95671,
                35.469538
              ],
              [
                111.956736,
                35.469701
              ],
              [
                111.956777,
                35.469861
              ],
              [
                111.956831,
                35.47002
              ],
              [
                111.956897,
                35.470175
              ],
              [
                111.956972,
                35.470329
              ],
              [
                111.957054,
                35.470479
              ],
              [
                111.957098,
                35.470553
              ],
              [
                111.957146,
                35.470625
              ],
              [
                111.957198,
                35.470694
              ],
              [
                111.957313,
                35.470827
              ],
              [
                111.957376,
                35.470891
              ],
              [
                111.957507,
                35.471014
              ],
              [
                111.957849,
                35.471315
              ],
              [
                111.957982,
                35.471439
              ],
              [
                111.958046,
                35.471502
              ],
              [
                111.958165,
                35.471634
              ],
              [
                111.958219,
                35.471703
              ],
              [
                111.958317,
                35.471846
              ],
              [
                111.958448,
                35.472069
              ],
              [
                111.959237,
                35.473496
              ],
              [
                111.959439,
                35.473873
              ],
              [
                111.959553,
                35.474102
              ],
              [
                111.959936,
                35.474907
              ],
              [
                111.960133,
                35.47553
              ],
              [
                111.961181,
                35.480597
              ],
              [
                111.960184,
                35.482683
              ],
              [
                111.959146,
                35.484854
              ],
              [
                111.958993,
                35.485054
              ],
              [
                111.955928,
                35.488052
              ],
              [
                111.954204,
                35.489867
              ],
              [
                111.948583,
                35.495785
              ],
              [
                111.944549,
                35.50038
              ],
              [
                111.942897,
                35.502262
              ],
              [
                111.939828,
                35.505757
              ],
              [
                111.937911,
                35.508091
              ],
              [
                111.937824,
                35.508438
              ],
              [
                111.937712,
                35.514434
              ],
              [
                111.937758,
                35.514925
              ],
              [
                111.937835,
                35.515076
              ],
              [
                111.938126,
                35.515311
              ],
              [
                111.939776,
                35.516287
              ],
              [
                111.939977,
                35.516347
              ],
              [
                111.941686,
                35.516647
              ],
              [
                111.942281,
                35.516665
              ],
              [
                111.943095,
                35.516622
              ],
              [
                111.946014,
                35.516019
              ],
              [
                111.946258,
                35.515892
              ],
              [
                111.946818,
                35.515426
              ],
              [
                111.94709,
                35.515331
              ],
              [
                111.947473,
                35.51527
              ],
              [
                111.947801,
                35.515297
              ],
              [
                111.948316,
                35.515388
              ],
              [
                111.950391,
                35.515878
              ],
              [
                111.950962,
                35.516018
              ],
              [
                111.95597,
                35.517642
              ],
              [
                111.956318,
                35.517971
              ],
              [
                111.956556,
                35.518268
              ],
              [
                111.956785,
                35.518747
              ],
              [
                111.957542,
                35.520793
              ],
              [
                111.957706,
                35.521882
              ],
              [
                111.957427,
                35.528993
              ],
              [
                111.956542,
                35.531056
              ],
              [
                111.955685,
                35.532847
              ],
              [
                111.955359,
                35.533444
              ],
              [
                111.953481,
                35.536134
              ],
              [
                111.951748,
                35.538204
              ],
              [
                111.951181,
                35.544944
              ],
              [
                111.954646,
                35.550777
              ],
              [
                111.95541,
                35.552063
              ],
              [
                111.955902,
                35.552892
              ],
              [
                111.957527,
                35.55554
              ],
              [
                111.95958,
                35.558047
              ],
              [
                111.959669,
                35.558141
              ],
              [
                111.960188,
                35.559243
              ],
              [
                111.960759,
                35.561004
              ],
              [
                111.961119,
                35.562115
              ],
              [
                111.961195,
                35.562347
              ],
              [
                111.961215,
                35.562999
              ],
              [
                111.961283,
                35.565179
              ],
              [
                111.961199,
                35.565724
              ],
              [
                111.960325,
                35.568729
              ],
              [
                111.960147,
                35.569052
              ],
              [
                111.958463,
                35.570746
              ],
              [
                111.954146,
                35.574376
              ],
              [
                111.953119,
                35.574657
              ],
              [
                111.95127,
                35.574671
              ],
              [
                111.949996,
                35.574681
              ],
              [
                111.949297,
                35.574563
              ],
              [
                111.948596,
                35.574246
              ],
              [
                111.948233,
                35.574048
              ],
              [
                111.947988,
                35.573915
              ],
              [
                111.947711,
                35.573836
              ],
              [
                111.947613,
                35.573821
              ],
              [
                111.947479,
                35.573826
              ],
              [
                111.947194,
                35.573862
              ],
              [
                111.94704,
                35.573902
              ],
              [
                111.946919,
                35.573946
              ],
              [
                111.946702,
                35.574057
              ],
              [
                111.941173,
                35.577277
              ],
              [
                111.940029,
                35.577955
              ],
              [
                111.939671,
                35.578528
              ],
              [
                111.939525,
                35.578975
              ],
              [
                111.939468,
                35.579322
              ],
              [
                111.938728,
                35.587917
              ],
              [
                111.938606,
                35.589334
              ],
              [
                111.93856,
                35.589857
              ],
              [
                111.939762,
                35.594059
              ],
              [
                111.940134,
                35.594749
              ],
              [
                111.940386,
                35.595589
              ],
              [
                111.940673,
                35.596751
              ],
              [
                111.940748,
                35.598014
              ],
              [
                111.940733,
                35.599278
              ],
              [
                111.940682,
                35.600145
              ],
              [
                111.940206,
                35.600941
              ],
              [
                111.939578,
                35.60169
              ],
              [
                111.938284,
                35.602591
              ],
              [
                111.936871,
                35.603593
              ],
              [
                111.935489,
                35.604743
              ],
              [
                111.93462,
                35.605642
              ],
              [
                111.934202,
                35.606264
              ],
              [
                111.934148,
                35.606835
              ],
              [
                111.93419,
                35.6078
              ],
              [
                111.935373,
                35.61995
              ],
              [
                111.935637,
                35.622652
              ],
              [
                111.93881,
                35.626838
              ],
              [
                111.940447,
                35.626702
              ],
              [
                111.942996,
                35.626756
              ],
              [
                111.943634,
                35.626825
              ],
              [
                111.948404,
                35.627383
              ],
              [
                111.952692,
                35.628216
              ],
              [
                111.95306,
                35.628485
              ],
              [
                111.954273,
                35.631002
              ],
              [
                111.954433,
                35.631695
              ],
              [
                111.954441,
                35.632363
              ],
              [
                111.95445,
                35.633106
              ],
              [
                111.953858,
                35.634374
              ],
              [
                111.95331,
                35.636757
              ],
              [
                111.952683,
                35.640255
              ],
              [
                111.952658,
                35.640626
              ],
              [
                111.953607,
                35.649041
              ],
              [
                111.953379,
                35.657644
              ],
              [
                111.953293,
                35.660884
              ],
              [
                111.957421,
                35.66714
              ],
              [
                111.957559,
                35.667319
              ],
              [
                111.957735,
                35.667435
              ],
              [
                111.95797,
                35.66755
              ],
              [
                111.958471,
                35.667756
              ],
              [
                111.960782,
                35.668693
              ],
              [
                111.961313,
                35.668887
              ],
              [
                111.961582,
                35.668968
              ],
              [
                111.961847,
                35.669036
              ],
              [
                111.962109,
                35.669095
              ],
              [
                111.962372,
                35.669148
              ],
              [
                111.962659,
                35.669202
              ],
              [
                111.962933,
                35.669254
              ],
              [
                111.963211,
                35.669304
              ],
              [
                111.963488,
                35.669347
              ],
              [
                111.964003,
                35.669399
              ],
              [
                111.964261,
                35.669402
              ],
              [
                111.964534,
                35.669392
              ],
              [
                111.969958,
                35.669165
              ],
              [
                111.971731,
                35.668744
              ],
              [
                111.973025,
                35.668167
              ],
              [
                111.974537,
                35.66773
              ],
              [
                111.980742,
                35.666233
              ],
              [
                111.981067,
                35.66621
              ],
              [
                111.982355,
                35.666144
              ],
              [
                111.985636,
                35.666601
              ],
              [
                111.985852,
                35.66665
              ],
              [
                111.985972,
                35.666734
              ],
              [
                111.985976,
                35.666736
              ],
              [
                111.986147,
                35.666926
              ],
              [
                111.986573,
                35.667573
              ],
              [
                111.986706,
                35.667776
              ],
              [
                111.986908,
                35.668118
              ],
              [
                111.987017,
                35.668338
              ],
              [
                111.987107,
                35.668552
              ],
              [
                111.987186,
                35.668763
              ],
              [
                111.98736,
                35.669248
              ],
              [
                111.987438,
                35.669467
              ],
              [
                111.987512,
                35.669688
              ],
              [
                111.987559,
                35.669852
              ],
              [
                111.987883,
                35.671185
              ],
              [
                111.987771,
                35.672535
              ],
              [
                111.987213,
                35.673531
              ],
              [
                111.98655,
                35.674549
              ],
              [
                111.98624,
                35.675324
              ],
              [
                111.986237,
                35.675751
              ],
              [
                111.986383,
                35.677505
              ],
              [
                111.98643,
                35.677652
              ],
              [
                111.987907,
                35.679811
              ],
              [
                111.988028,
                35.679953
              ],
              [
                111.993422,
                35.682115
              ],
              [
                111.994334,
                35.68248
              ],
              [
                111.996282,
                35.683261
              ],
              [
                111.997541,
                35.683765
              ],
              [
                112.00179,
                35.68552
              ],
              [
                112.010141,
                35.688968
              ],
              [
                112.017338,
                35.693577
              ],
              [
                112.017316,
                35.693711
              ],
              [
                112.017299,
                35.693845
              ],
              [
                112.017288,
                35.693979
              ],
              [
                112.017282,
                35.694114
              ],
              [
                112.017281,
                35.694249
              ],
              [
                112.017286,
                35.694384
              ],
              [
                112.017296,
                35.694518
              ],
              [
                112.017308,
                35.694619
              ],
              [
                112.017331,
                35.694752
              ],
              [
                112.018621,
                35.701547
              ],
              [
                112.018642,
                35.701646
              ],
              [
                112.01866,
                35.701712
              ],
              [
                112.018708,
                35.701841
              ],
              [
                112.018738,
                35.701903
              ],
              [
                112.02437,
                35.711381
              ],
              [
                112.024426,
                35.711668
              ],
              [
                112.025672,
                35.717967
              ],
              [
                112.027025,
                35.724804
              ],
              [
                112.027087,
                35.725927
              ],
              [
                112.027095,
                35.726547
              ],
              [
                112.026959,
                35.727052
              ],
              [
                112.026633,
                35.727558
              ],
              [
                112.019999,
                35.734458
              ],
              [
                112.019862,
                35.734582
              ],
              [
                112.019774,
                35.734652
              ],
              [
                112.019683,
                35.734719
              ],
              [
                112.019491,
                35.734845
              ],
              [
                112.019325,
                35.734946
              ],
              [
                112.018942,
                35.735166
              ],
              [
                112.017466,
                35.735347
              ],
              [
                112.015854,
                35.73567
              ],
              [
                112.015148,
                35.736219
              ],
              [
                112.01506,
                35.736723
              ],
              [
                112.01507,
                35.737136
              ],
              [
                112.015078,
                35.737274
              ],
              [
                112.015098,
                35.737479
              ],
              [
                112.015109,
                35.737545
              ],
              [
                112.015126,
                35.73761
              ],
              [
                112.016512,
                35.742242
              ],
              [
                112.01759,
                35.744298
              ],
              [
                112.019711,
                35.748343
              ],
              [
                112.02287,
                35.75437
              ],
              [
                112.025893,
                35.755949
              ],
              [
                112.026404,
                35.756216
              ],
              [
                112.03262,
                35.759463
              ],
              [
                112.037826,
                35.761932
              ],
              [
                112.042014,
                35.763917
              ],
              [
                112.050567,
                35.768707
              ],
              [
                112.050664,
                35.768768
              ],
              [
                112.050726,
                35.768813
              ],
              [
                112.050783,
                35.768861
              ],
              [
                112.050889,
                35.768963
              ],
              [
                112.050983,
                35.769073
              ],
              [
                112.051086,
                35.769218
              ],
              [
                112.051141,
                35.769309
              ],
              [
                112.051192,
                35.769402
              ],
              [
                112.051282,
                35.769592
              ],
              [
                112.051322,
                35.769687
              ],
              [
                112.051345,
                35.769752
              ],
              [
                112.051388,
                35.769915
              ],
              [
                112.05333,
                35.779441
              ],
              [
                112.053434,
                35.780085
              ],
              [
                112.053494,
                35.780698
              ],
              [
                112.053684,
                35.784156
              ],
              [
                112.053673,
                35.784353
              ],
              [
                112.053669,
                35.784416
              ],
              [
                112.053597,
                35.784668
              ],
              [
                112.053548,
                35.784768
              ],
              [
                112.053424,
                35.784958
              ],
              [
                112.052817,
                35.785776
              ],
              [
                112.051117,
                35.78797
              ],
              [
                112.047074,
                35.793188
              ],
              [
                112.044641,
                35.796327
              ],
              [
                112.044216,
                35.796703
              ],
              [
                112.03778,
                35.802407
              ],
              [
                112.035601,
                35.804338
              ],
              [
                112.028128,
                35.810958
              ],
              [
                112.027633,
                35.811396
              ],
              [
                112.027045,
                35.811815
              ],
              [
                112.02646,
                35.812147
              ],
              [
                112.025852,
                35.812493
              ],
              [
                112.020722,
                35.815407
              ],
              [
                112.020104,
                35.815412
              ],
              [
                112.019628,
                35.815455
              ],
              [
                112.019267,
                35.815783
              ],
              [
                112.01924,
                35.815808
              ],
              [
                112.019193,
                35.815862
              ],
              [
                112.019173,
                35.815891
              ],
              [
                112.019156,
                35.815921
              ],
              [
                112.019133,
                35.815984
              ],
              [
                112.019122,
                35.816048
              ],
              [
                112.019121,
                35.816113
              ],
              [
                112.019135,
                35.816212
              ],
              [
                112.019162,
                35.816313
              ],
              [
                112.019227,
                35.816512
              ],
              [
                112.019265,
                35.816607
              ],
              [
                112.019312,
                35.8167
              ],
              [
                112.021425,
                35.820208
              ],
              [
                112.022321,
                35.821379
              ],
              [
                112.023288,
                35.822611
              ],
              [
                112.024376,
                35.823803
              ],
              [
                112.024443,
                35.823842
              ],
              [
                112.02462,
                35.823929
              ],
              [
                112.024804,
                35.824006
              ],
              [
                112.024992,
                35.824075
              ],
              [
                112.025224,
                35.824148
              ],
              [
                112.025303,
                35.824168
              ],
              [
                112.025422,
                35.824193
              ],
              [
                112.025542,
                35.824212
              ],
              [
                112.025664,
                35.824227
              ],
              [
                112.025869,
                35.824242
              ],
              [
                112.026447,
                35.824271
              ],
              [
                112.026611,
                35.824285
              ],
              [
                112.026734,
                35.824301
              ],
              [
                112.027346,
                35.824398
              ],
              [
                112.027548,
                35.824437
              ],
              [
                112.027665,
                35.824465
              ],
              [
                112.027742,
                35.824487
              ],
              [
                112.027855,
                35.824526
              ],
              [
                112.027927,
                35.824556
              ],
              [
                112.027998,
                35.82459
              ],
              [
                112.028066,
                35.824628
              ],
              [
                112.031945,
                35.827035
              ],
              [
                112.032192,
                35.827415
              ],
              [
                112.035853,
                35.841633
              ],
              [
                112.035888,
                35.841776
              ],
              [
                112.0359,
                35.841848
              ],
              [
                112.035913,
                35.841993
              ],
              [
                112.035914,
                35.84214
              ],
              [
                112.035911,
                35.842213
              ],
              [
                112.035896,
                35.842358
              ],
              [
                112.035885,
                35.842431
              ],
              [
                112.035857,
                35.842575
              ],
              [
                112.035839,
                35.842647
              ],
              [
                112.035797,
                35.842789
              ],
              [
                112.035746,
                35.84293
              ],
              [
                112.035687,
                35.843068
              ],
              [
                112.035652,
                35.843135
              ],
              [
                112.035613,
                35.8432
              ],
              [
                112.035525,
                35.843326
              ],
              [
                112.035428,
                35.843448
              ],
              [
                112.034404,
                35.8456
              ],
              [
                112.032435,
                35.852217
              ],
              [
                112.032379,
                35.852408
              ],
              [
                112.032327,
                35.852894
              ],
              [
                112.032311,
                35.853192
              ],
              [
                112.032416,
                35.854352
              ],
              [
                112.032741,
                35.858244
              ],
              [
                112.032755,
                35.858463
              ],
              [
                112.03276,
                35.858683
              ],
              [
                112.032756,
                35.858829
              ],
              [
                112.032748,
                35.858975
              ],
              [
                112.032734,
                35.85912
              ],
              [
                112.032705,
                35.859338
              ],
              [
                112.032657,
                35.859628
              ],
              [
                112.032377,
                35.861295
              ],
              [
                112.032326,
                35.861584
              ],
              [
                112.032292,
                35.861728
              ],
              [
                112.03425,
                35.862786
              ],
              [
                112.037967,
                35.863168
              ],
              [
                112.038055,
                35.863174
              ],
              [
                112.038144,
                35.863175
              ],
              [
                112.038232,
                35.863166
              ],
              [
                112.038316,
                35.863149
              ],
              [
                112.038397,
                35.863125
              ],
              [
                112.038474,
                35.863094
              ],
              [
                112.038548,
                35.863058
              ],
              [
                112.040127,
                35.86222
              ],
              [
                112.040201,
                35.862178
              ],
              [
                112.046824,
                35.858192
              ],
              [
                112.046967,
                35.858104
              ],
              [
                112.047107,
                35.858011
              ],
              [
                112.047308,
                35.857865
              ],
              [
                112.047436,
                35.857763
              ],
              [
                112.04756,
                35.857657
              ],
              [
                112.047736,
                35.85749
              ],
              [
                112.047846,
                35.857375
              ],
              [
                112.047951,
                35.857256
              ],
              [
                112.04805,
                35.857134
              ],
              [
                112.048142,
                35.857009
              ],
              [
                112.048229,
                35.856881
              ],
              [
                112.04831,
                35.85675
              ],
              [
                112.04842,
                35.85655
              ],
              [
                112.048486,
                35.856414
              ],
              [
                112.048545,
                35.856275
              ],
              [
                112.048624,
                35.856065
              ],
              [
                112.048671,
                35.855924
              ],
              [
                112.04871,
                35.855781
              ],
              [
                112.048727,
                35.855709
              ],
              [
                112.048751,
                35.855565
              ],
              [
                112.048759,
                35.855492
              ],
              [
                112.048766,
                35.855346
              ],
              [
                112.048766,
                35.855273
              ],
              [
                112.048757,
                35.855127
              ],
              [
                112.048749,
                35.855054
              ],
              [
                112.048726,
                35.854909
              ],
              [
                112.048711,
                35.854837
              ],
              [
                112.048674,
                35.854693
              ],
              [
                112.048653,
                35.854622
              ],
              [
                112.048627,
                35.854552
              ],
              [
                112.048501,
                35.854279
              ],
              [
                112.048475,
                35.854209
              ],
              [
                112.048438,
                35.854066
              ],
              [
                112.048424,
                35.853995
              ],
              [
                112.048409,
                35.853851
              ],
              [
                112.048405,
                35.853707
              ],
              [
                112.048412,
                35.853563
              ],
              [
                112.048439,
                35.853345
              ],
              [
                112.04848,
                35.853128
              ],
              [
                112.048574,
                35.852734
              ],
              [
                112.049093,
                35.851529
              ],
              [
                112.049176,
                35.851339
              ],
              [
                112.049203,
                35.85131
              ],
              [
                112.058628,
                35.844467
              ],
              [
                112.058764,
                35.844372
              ],
              [
                112.058905,
                35.844281
              ],
              [
                112.059051,
                35.844197
              ],
              [
                112.059126,
                35.844157
              ],
              [
                112.059281,
                35.844082
              ],
              [
                112.05944,
                35.844013
              ],
              [
                112.059602,
                35.843951
              ],
              [
                112.059768,
                35.843894
              ],
              [
                112.060023,
                35.843822
              ],
              [
                112.060283,
                35.843764
              ],
              [
                112.060459,
                35.843735
              ],
              [
                112.060547,
                35.843723
              ],
              [
                112.060725,
                35.843704
              ],
              [
                112.060904,
                35.843693
              ],
              [
                112.061084,
                35.84369
              ],
              [
                112.061173,
                35.843691
              ],
              [
                112.061352,
                35.8437
              ],
              [
                112.061441,
                35.843707
              ],
              [
                112.06153,
                35.843718
              ],
              [
                112.061705,
                35.843744
              ],
              [
                112.061792,
                35.843761
              ],
              [
                112.061964,
                35.8438
              ],
              [
                112.070102,
                35.839307
              ],
              [
                112.073232,
                35.837579
              ],
              [
                112.080036,
                35.835562
              ],
              [
                112.080205,
                35.835515
              ],
              [
                112.080291,
                35.835496
              ],
              [
                112.080466,
                35.835464
              ],
              [
                112.080732,
                35.835431
              ],
              [
                112.080911,
                35.835416
              ],
              [
                112.08109,
                35.835409
              ],
              [
                112.08127,
                35.835408
              ],
              [
                112.081539,
                35.83542
              ],
              [
                112.081717,
                35.835437
              ],
              [
                112.081804,
                35.83545
              ],
              [
                112.08189,
                35.835466
              ],
              [
                112.082059,
                35.835507
              ],
              [
                112.082141,
                35.835531
              ],
              [
                112.082304,
                35.835586
              ],
              [
                112.094676,
                35.837886
              ],
              [
                112.097044,
                35.836469
              ],
              [
                112.101873,
                35.833578
              ],
              [
                112.103226,
                35.833199
              ],
              [
                112.103501,
                35.833136
              ],
              [
                112.103542,
                35.833128
              ],
              [
                112.103681,
                35.83311
              ],
              [
                112.103892,
                35.833096
              ],
              [
                112.104103,
                35.833095
              ],
              [
                112.104315,
                35.833105
              ],
              [
                112.104442,
                35.833117
              ],
              [
                112.105261,
                35.833308
              ],
              [
                112.106502,
                35.833561
              ],
              [
                112.108192,
                35.833847
              ],
              [
                112.108718,
                35.833936
              ],
              [
                112.110851,
                35.834298
              ],
              [
                112.111028,
                35.834322
              ],
              [
                112.111475,
                35.834373
              ],
              [
                112.111743,
                35.834395
              ],
              [
                112.111922,
                35.834402
              ],
              [
                112.112101,
                35.8344
              ],
              [
                112.11219,
                35.834396
              ],
              [
                112.112368,
                35.834379
              ],
              [
                112.112544,
                35.834352
              ],
              [
                112.112719,
                35.834318
              ],
              [
                112.112891,
                35.834276
              ],
              [
                112.11306,
                35.834226
              ],
              [
                112.124913,
                35.830396
              ],
              [
                112.125788,
                35.830113
              ],
              [
                112.126221,
                35.829587
              ],
              [
                112.131009,
                35.825307
              ],
              [
                112.13692,
                35.823165
              ],
              [
                112.143168,
                35.822205
              ],
              [
                112.14454,
                35.822469
              ],
              [
                112.145411,
                35.822526
              ],
              [
                112.145943,
                35.82256
              ],
              [
                112.146217,
                35.822545
              ],
              [
                112.157828,
                35.821185
              ],
              [
                112.159066,
                35.820989
              ],
              [
                112.159273,
                35.820953
              ],
              [
                112.159479,
                35.820913
              ],
              [
                112.178514,
                35.816808
              ],
              [
                112.178715,
                35.816756
              ],
              [
                112.178847,
                35.816717
              ],
              [
                112.178976,
                35.816673
              ],
              [
                112.179102,
                35.816623
              ],
              [
                112.179225,
                35.816568
              ],
              [
                112.179285,
                35.816537
              ],
              [
                112.179399,
                35.816472
              ],
              [
                112.179508,
                35.816401
              ],
              [
                112.179611,
                35.816325
              ],
              [
                112.179711,
                35.816246
              ],
              [
                112.179853,
                35.81612
              ],
              [
                112.180449,
                35.815548
              ],
              [
                112.181232,
                35.814801
              ],
              [
                112.181375,
                35.814677
              ],
              [
                112.181528,
                35.814564
              ],
              [
                112.181638,
                35.814496
              ],
              [
                112.181754,
                35.814436
              ],
              [
                112.181879,
                35.814384
              ],
              [
                112.18214,
                35.81429
              ],
              [
                112.182273,
                35.81425
              ],
              [
                112.182408,
                35.81422
              ],
              [
                112.182476,
                35.81421
              ],
              [
                112.182545,
                35.814204
              ],
              [
                112.182614,
                35.814202
              ],
              [
                112.182684,
                35.814206
              ],
              [
                112.182752,
                35.814215
              ],
              [
                112.182817,
                35.81423
              ],
              [
                112.182879,
                35.814249
              ],
              [
                112.182939,
                35.814274
              ],
              [
                112.182995,
                35.814302
              ],
              [
                112.183103,
                35.814369
              ],
              [
                112.183154,
                35.814407
              ],
              [
                112.183253,
                35.814488
              ],
              [
                112.184053,
                35.815148
              ],
              [
                112.184199,
                35.815273
              ],
              [
                112.184434,
                35.815487
              ],
              [
                112.184663,
                35.815706
              ],
              [
                112.185648,
                35.816684
              ],
              [
                112.190513,
                35.819895
              ],
              [
                112.195233,
                35.820955
              ],
              [
                112.199273,
                35.822294
              ],
              [
                112.201437,
                35.823012
              ],
              [
                112.215315,
                35.82761
              ],
              [
                112.215444,
                35.827656
              ],
              [
                112.216086,
                35.827907
              ],
              [
                112.216271,
                35.82799
              ],
              [
                112.216389,
                35.828051
              ],
              [
                112.2165,
                35.828119
              ],
              [
                112.216552,
                35.828155
              ],
              [
                112.21665,
                35.828234
              ],
              [
                112.216738,
                35.828323
              ],
              [
                112.216814,
                35.828419
              ],
              [
                112.216881,
                35.82852
              ],
              [
                112.216911,
                35.828572
              ],
              [
                112.216963,
                35.828679
              ],
              [
                112.217027,
                35.828844
              ],
              [
                112.217072,
                35.829012
              ],
              [
                112.218739,
                35.835396
              ],
              [
                112.218776,
                35.835555
              ],
              [
                112.218804,
                35.835716
              ],
              [
                112.218814,
                35.835797
              ],
              [
                112.218826,
                35.835958
              ],
              [
                112.218826,
                35.83612
              ],
              [
                112.218817,
                35.836282
              ],
              [
                112.218799,
                35.836443
              ],
              [
                112.218774,
                35.836605
              ],
              [
                112.218724,
                35.836845
              ],
              [
                112.218683,
                35.837003
              ],
              [
                112.218636,
                35.837161
              ],
              [
                112.218582,
                35.837317
              ],
              [
                112.21852,
                35.837472
              ],
              [
                112.218452,
                35.837624
              ],
              [
                112.218376,
                35.837774
              ],
              [
                112.218292,
                35.837921
              ],
              [
                112.218201,
                35.838065
              ],
              [
                112.218152,
                35.838135
              ],
              [
                112.218049,
                35.838273
              ],
              [
                112.217936,
                35.838406
              ],
              [
                112.217816,
                35.838534
              ],
              [
                112.217688,
                35.838658
              ],
              [
                112.212112,
                35.843821
              ],
              [
                112.211895,
                35.844022
              ],
              [
                112.211187,
                35.844678
              ],
              [
                112.206594,
                35.849178
              ],
              [
                112.202089,
                35.853592
              ],
              [
                112.200616,
                35.858682
              ],
              [
                112.195925,
                35.86451
              ],
              [
                112.19581,
                35.864642
              ],
              [
                112.195749,
                35.864706
              ],
              [
                112.195557,
                35.864892
              ],
              [
                112.195424,
                35.865013
              ],
              [
                112.195284,
                35.865129
              ],
              [
                112.19521,
                35.865183
              ],
              [
                112.195134,
                35.865235
              ],
              [
                112.195055,
                35.865283
              ],
              [
                112.194972,
                35.865328
              ],
              [
                112.194888,
                35.865369
              ],
              [
                112.194802,
                35.865406
              ],
              [
                112.194623,
                35.865471
              ],
              [
                112.194531,
                35.865499
              ],
              [
                112.194343,
                35.865548
              ],
              [
                112.194248,
                35.865569
              ],
              [
                112.194053,
                35.865605
              ],
              [
                112.193856,
                35.865636
              ],
              [
                112.193657,
                35.865664
              ],
              [
                112.193161,
                35.865727
              ],
              [
                112.192964,
                35.865748
              ],
              [
                112.192766,
                35.865764
              ],
              [
                112.192568,
                35.865775
              ],
              [
                112.19217,
                35.865785
              ],
              [
                112.191771,
                35.865784
              ],
              [
                112.191273,
                35.865777
              ],
              [
                112.191074,
                35.86577
              ],
              [
                112.190776,
                35.865754
              ],
              [
                112.19038,
                35.865723
              ],
              [
                112.188541,
                35.865572
              ],
              [
                112.186119,
                35.865373
              ],
              [
                112.185923,
                35.865351
              ],
              [
                112.185824,
                35.865344
              ],
              [
                112.185726,
                35.865343
              ],
              [
                112.185627,
                35.865346
              ],
              [
                112.185528,
                35.865356
              ],
              [
                112.185431,
                35.86537
              ],
              [
                112.185335,
                35.865388
              ],
              [
                112.185241,
                35.865411
              ],
              [
                112.185055,
                35.865465
              ],
              [
                112.184874,
                35.865531
              ],
              [
                112.184695,
                35.865605
              ],
              [
                112.18452,
                35.865684
              ],
              [
                112.184173,
                35.865846
              ],
              [
                112.184007,
                35.865935
              ],
              [
                112.181388,
                35.867405
              ],
              [
                112.181231,
                35.867505
              ],
              [
                112.181156,
                35.867558
              ],
              [
                112.181083,
                35.867613
              ],
              [
                112.180944,
                35.867728
              ],
              [
                112.180812,
                35.867849
              ],
              [
                112.180685,
                35.867974
              ],
              [
                112.179897,
                35.868812
              ],
              [
                112.179659,
                35.869073
              ],
              [
                112.179489,
                35.869273
              ],
              [
                112.17938,
                35.869408
              ],
              [
                112.179275,
                35.869546
              ],
              [
                112.179176,
                35.869686
              ],
              [
                112.179083,
                35.869829
              ],
              [
                112.178953,
                35.870048
              ],
              [
                112.178833,
                35.870271
              ],
              [
                112.178759,
                35.870422
              ],
              [
                112.17866,
                35.870651
              ],
              [
                112.17863,
                35.870728
              ],
              [
                112.178582,
                35.870885
              ],
              [
                112.178544,
                35.871044
              ],
              [
                112.178458,
                35.871525
              ],
              [
                112.178407,
                35.871764
              ],
              [
                112.178385,
                35.871843
              ],
              [
                112.178258,
                35.872236
              ],
              [
                112.178175,
                35.87247
              ],
              [
                112.178109,
                35.872623
              ],
              [
                112.178072,
                35.872698
              ],
              [
                112.177988,
                35.872843
              ],
              [
                112.17794,
                35.872914
              ],
              [
                112.177887,
                35.872982
              ],
              [
                112.17783,
                35.873048
              ],
              [
                112.17777,
                35.87311
              ],
              [
                112.177706,
                35.87317
              ],
              [
                112.177569,
                35.873283
              ],
              [
                112.177496,
                35.873336
              ],
              [
                112.172192,
                35.877112
              ],
              [
                112.172041,
                35.877218
              ],
              [
                112.171887,
                35.877321
              ],
              [
                112.171647,
                35.877466
              ],
              [
                112.171482,
                35.877555
              ],
              [
                112.171311,
                35.877637
              ],
              [
                112.171223,
                35.877676
              ],
              [
                112.171044,
                35.877745
              ],
              [
                112.17086,
                35.877802
              ],
              [
                112.170672,
                35.877848
              ],
              [
                112.170482,
                35.877885
              ],
              [
                112.170191,
                35.877926
              ],
              [
                112.169994,
                35.877946
              ],
              [
                112.167416,
                35.878203
              ],
              [
                112.16712,
                35.878228
              ],
              [
                112.166923,
                35.878235
              ],
              [
                112.166725,
                35.878233
              ],
              [
                112.166626,
                35.878227
              ],
              [
                112.166327,
                35.878203
              ],
              [
                112.166029,
                35.87817
              ],
              [
                112.165834,
                35.878138
              ],
              [
                112.165644,
                35.878094
              ],
              [
                112.165551,
                35.878068
              ],
              [
                112.165459,
                35.878037
              ],
              [
                112.16537,
                35.878002
              ],
              [
                112.165283,
                35.877962
              ],
              [
                112.165201,
                35.877918
              ],
              [
                112.165121,
                35.877871
              ],
              [
                112.158757,
                35.873741
              ],
              [
                112.153805,
                35.870357
              ],
              [
                112.151995,
                35.871156
              ],
              [
                112.149446,
                35.876425
              ],
              [
                112.148854,
                35.877817
              ],
              [
                112.148812,
                35.877956
              ],
              [
                112.148724,
                35.878274
              ],
              [
                112.14856,
                35.87891
              ],
              [
                112.148503,
                35.879149
              ],
              [
                112.148454,
                35.879389
              ],
              [
                112.148367,
                35.87987
              ],
              [
                112.14816,
                35.881158
              ],
              [
                112.148175,
                35.88122
              ],
              [
                112.14827,
                35.882433
              ],
              [
                112.148024,
                35.884632
              ],
              [
                112.147994,
                35.884873
              ],
              [
                112.147958,
                35.885115
              ],
              [
                112.147915,
                35.885356
              ],
              [
                112.14635,
                35.893656
              ],
              [
                112.1463,
                35.893896
              ],
              [
                112.146263,
                35.894056
              ],
              [
                112.146219,
                35.894214
              ],
              [
                112.146166,
                35.89437
              ],
              [
                112.146102,
                35.894523
              ],
              [
                112.146064,
                35.894598
              ],
              [
                112.145982,
                35.894746
              ],
              [
                112.145891,
                35.89489
              ],
              [
                112.145791,
                35.895031
              ],
              [
                112.145681,
                35.895167
              ],
              [
                112.145623,
                35.895232
              ],
              [
                112.145547,
                35.895312
              ],
              [
                112.145171,
                35.895503
              ],
              [
                112.143834,
                35.895891
              ],
              [
                112.142818,
                35.896077
              ],
              [
                112.141983,
                35.89615
              ],
              [
                112.141972,
                35.896149
              ],
              [
                112.141872,
                35.896144
              ],
              [
                112.141573,
                35.896138
              ],
              [
                112.141275,
                35.896136
              ],
              [
                112.140976,
                35.896138
              ],
              [
                112.140577,
                35.896146
              ],
              [
                112.140179,
                35.89616
              ],
              [
                112.139682,
                35.896186
              ],
              [
                112.137384,
                35.896341
              ],
              [
                112.137187,
                35.896356
              ],
              [
                112.13709,
                35.896367
              ],
              [
                112.1369,
                35.896398
              ],
              [
                112.136808,
                35.896419
              ],
              [
                112.136718,
                35.896444
              ],
              [
                112.13663,
                35.896474
              ],
              [
                112.136544,
                35.896508
              ],
              [
                112.136461,
                35.896549
              ],
              [
                112.136381,
                35.896595
              ],
              [
                112.136303,
                35.896646
              ],
              [
                112.136153,
                35.896754
              ],
              [
                112.136083,
                35.896812
              ],
              [
                112.136016,
                35.896872
              ],
              [
                112.135952,
                35.896935
              ],
              [
                112.135892,
                35.897
              ],
              [
                112.135836,
                35.897067
              ],
              [
                112.135785,
                35.897136
              ],
              [
                112.135739,
                35.897207
              ],
              [
                112.135698,
                35.89728
              ],
              [
                112.135663,
                35.897356
              ],
              [
                112.135634,
                35.897433
              ],
              [
                112.135613,
                35.897512
              ],
              [
                112.135601,
                35.897591
              ],
              [
                112.135596,
                35.897671
              ],
              [
                112.135322,
                35.906013
              ],
              [
                112.135321,
                35.906175
              ],
              [
                112.135325,
                35.906337
              ],
              [
                112.135333,
                35.9065
              ],
              [
                112.135346,
                35.906661
              ],
              [
                112.135371,
                35.906904
              ],
              [
                112.135406,
                35.907146
              ],
              [
                112.135434,
                35.907306
              ],
              [
                112.135466,
                35.907466
              ],
              [
                112.135522,
                35.907705
              ],
              [
                112.135565,
                35.907863
              ],
              [
                112.135636,
                35.9081
              ],
              [
                112.135689,
                35.908256
              ],
              [
                112.135747,
                35.908411
              ],
              [
                112.13581,
                35.908565
              ],
              [
                112.135911,
                35.908794
              ],
              [
                112.136462,
                35.910019
              ],
              [
                112.136504,
                35.910084
              ],
              [
                112.136561,
                35.910135
              ],
              [
                112.136638,
                35.91017
              ],
              [
                112.136734,
                35.910186
              ],
              [
                112.136791,
                35.910183
              ],
              [
                112.138295,
                35.909514
              ],
              [
                112.13931,
                35.909063
              ],
              [
                112.14274,
                35.907537
              ],
              [
                112.142914,
                35.90746
              ],
              [
                112.143091,
                35.907386
              ],
              [
                112.14327,
                35.907316
              ],
              [
                112.143545,
                35.907221
              ],
              [
                112.144011,
                35.907077
              ],
              [
                112.144294,
                35.906997
              ],
              [
                112.144484,
                35.906948
              ],
              [
                112.144771,
                35.906881
              ],
              [
                112.144964,
                35.906842
              ],
              [
                112.145256,
                35.90679
              ],
              [
                112.145452,
                35.906762
              ],
              [
                112.145649,
                35.90674
              ],
              [
                112.145946,
                35.906715
              ],
              [
                112.146144,
                35.906705
              ],
              [
                112.146442,
                35.906698
              ],
              [
                112.146741,
                35.9067
              ],
              [
                112.14704,
                35.906709
              ],
              [
                112.147339,
                35.906724
              ],
              [
                112.147737,
                35.906751
              ],
              [
                112.148134,
                35.906785
              ],
              [
                112.14843,
                35.906816
              ],
              [
                112.148725,
                35.906856
              ],
              [
                112.149017,
                35.906903
              ],
              [
                112.149503,
                35.906993
              ],
              [
                112.151835,
                35.907428
              ],
              [
                112.152126,
                35.907483
              ],
              [
                112.164684,
                35.909976
              ],
              [
                112.164972,
                35.91004
              ],
              [
                112.165352,
                35.910137
              ],
              [
                112.168107,
                35.910843
              ],
              [
                112.168387,
                35.910928
              ],
              [
                112.168661,
                35.911022
              ],
              [
                112.169022,
                35.911159
              ],
              [
                112.172177,
                35.912368
              ],
              [
                112.172447,
                35.912473
              ],
              [
                112.173524,
                35.912902
              ],
              [
                112.173969,
                35.913086
              ],
              [
                112.174407,
                35.91328
              ],
              [
                112.174749,
                35.913445
              ],
              [
                112.174916,
                35.913532
              ],
              [
                112.17508,
                35.913622
              ],
              [
                112.17532,
                35.913764
              ],
              [
                112.175476,
                35.913864
              ],
              [
                112.175628,
                35.913968
              ],
              [
                112.175848,
                35.914132
              ],
              [
                112.175988,
                35.914248
              ],
              [
                112.17619,
                35.914426
              ],
              [
                112.176711,
                35.914918
              ],
              [
                112.177632,
                35.915771
              ],
              [
                112.177833,
                35.915951
              ],
              [
                112.17797,
                35.916068
              ],
              [
                112.178184,
                35.916237
              ],
              [
                112.178558,
                35.916507
              ],
              [
                112.178864,
                35.916718
              ],
              [
                112.17902,
                35.91682
              ],
              [
                112.179179,
                35.916918
              ],
              [
                112.17934,
                35.917013
              ],
              [
                112.179506,
                35.917103
              ],
              [
                112.179761,
                35.917226
              ],
              [
                112.179936,
                35.9173
              ],
              [
                112.180026,
                35.917335
              ],
              [
                112.180209,
                35.917397
              ],
              [
                112.180302,
                35.917425
              ],
              [
                112.180491,
                35.917478
              ],
              [
                112.180682,
                35.917527
              ],
              [
                112.180874,
                35.917568
              ],
              [
                112.180972,
                35.917585
              ],
              [
                112.181069,
                35.917598
              ],
              [
                112.181168,
                35.917607
              ],
              [
                112.181267,
                35.917612
              ],
              [
                112.181367,
                35.917613
              ],
              [
                112.181466,
                35.91761
              ],
              [
                112.181565,
                35.917603
              ],
              [
                112.18176,
                35.917579
              ],
              [
                112.181953,
                35.917542
              ],
              [
                112.182143,
                35.917493
              ],
              [
                112.182329,
                35.917433
              ],
              [
                112.18251,
                35.917364
              ],
              [
                112.182686,
                35.917286
              ],
              [
                112.189219,
                35.914215
              ],
              [
                112.189302,
                35.914172
              ],
              [
                112.192745,
                35.91211
              ],
              [
                112.192899,
                35.912009
              ],
              [
                112.193044,
                35.911899
              ],
              [
                112.193113,
                35.911841
              ],
              [
                112.193178,
                35.91178
              ],
              [
                112.193239,
                35.911717
              ],
              [
                112.193297,
                35.911651
              ],
              [
                112.193348,
                35.911583
              ],
              [
                112.193393,
                35.911513
              ],
              [
                112.193433,
                35.911441
              ],
              [
                112.193469,
                35.911367
              ],
              [
                112.1935,
                35.911291
              ],
              [
                112.193553,
                35.911137
              ],
              [
                112.193597,
                35.910979
              ],
              [
                112.193697,
                35.910579
              ],
              [
                112.193745,
                35.910421
              ],
              [
                112.194006,
                35.909721
              ],
              [
                112.194067,
                35.909567
              ],
              [
                112.194171,
                35.90934
              ],
              [
                112.194251,
                35.909193
              ],
              [
                112.194344,
                35.909049
              ],
              [
                112.194395,
                35.90898
              ],
              [
                112.194503,
                35.908846
              ],
              [
                112.194561,
                35.908781
              ],
              [
                112.194682,
                35.908656
              ],
              [
                112.194746,
                35.908595
              ],
              [
                112.194878,
                35.908477
              ],
              [
                112.195089,
                35.908308
              ],
              [
                112.195312,
                35.908148
              ],
              [
                112.195545,
                35.907993
              ],
              [
                112.195783,
                35.907844
              ],
              [
                112.197071,
                35.907068
              ],
              [
                112.197318,
                35.906932
              ],
              [
                112.197488,
                35.906847
              ],
              [
                112.197663,
                35.90677
              ],
              [
                112.197753,
                35.906735
              ],
              [
                112.197935,
                35.906673
              ],
              [
                112.198122,
                35.90662
              ],
              [
                112.201615,
                35.905671
              ],
              [
                112.201997,
                35.905579
              ],
              [
                112.202286,
                35.905516
              ],
              [
                112.202576,
                35.905456
              ],
              [
                112.212134,
                35.903644
              ],
              [
                112.212426,
                35.903593
              ],
              [
                112.21272,
                35.90355
              ],
              [
                112.213113,
                35.903502
              ],
              [
                112.213409,
                35.903473
              ],
              [
                112.213806,
                35.903444
              ],
              [
                112.214104,
                35.903429
              ],
              [
                112.214503,
                35.903417
              ],
              [
                112.214902,
                35.903415
              ],
              [
                112.215301,
                35.903421
              ],
              [
                112.2156,
                35.90343
              ],
              [
                112.215899,
                35.903444
              ],
              [
                112.216198,
                35.903462
              ],
              [
                112.216496,
                35.903484
              ],
              [
                112.216793,
                35.903509
              ],
              [
                112.21709,
                35.903539
              ],
              [
                112.217386,
                35.903573
              ],
              [
                112.217682,
                35.903612
              ],
              [
                112.217976,
                35.903655
              ],
              [
                112.218269,
                35.903703
              ],
              [
                112.23016,
                35.901909
              ],
              [
                112.233334,
                35.899815
              ],
              [
                112.233571,
                35.89967
              ],
              [
                112.233735,
                35.899581
              ],
              [
                112.23382,
                35.89954
              ],
              [
                112.233993,
                35.899462
              ],
              [
                112.234355,
                35.899322
              ],
              [
                112.234631,
                35.899224
              ],
              [
                112.234818,
                35.899165
              ],
              [
                112.235007,
                35.899114
              ],
              [
                112.235198,
                35.899072
              ],
              [
                112.235391,
                35.899042
              ],
              [
                112.240346,
                35.898601
              ],
              [
                112.242507,
                35.89857
              ],
              [
                112.248129,
                35.900306
              ],
              [
                112.248311,
                35.900367
              ],
              [
                112.250112,
                35.901031
              ],
              [
                112.252585,
                35.902533
              ],
              [
                112.253196,
                35.903375
              ],
              [
                112.253534,
                35.90354
              ],
              [
                112.253949,
                35.903741
              ],
              [
                112.256826,
                35.905089
              ],
              [
                112.260042,
                35.905256
              ],
              [
                112.261525,
                35.90525
              ],
              [
                112.267893,
                35.905222
              ],
              [
                112.271357,
                35.905207
              ],
              [
                112.27662,
                35.905114
              ],
              [
                112.279951,
                35.90453
              ],
              [
                112.280099,
                35.904413
              ],
              [
                112.280026,
                35.904292
              ],
              [
                112.278954,
                35.903598
              ],
              [
                112.277354,
                35.90241
              ],
              [
                112.277144,
                35.902198
              ],
              [
                112.277049,
                35.902096
              ],
              [
                112.276962,
                35.901991
              ],
              [
                112.276923,
                35.901937
              ],
              [
                112.276888,
                35.901881
              ],
              [
                112.276858,
                35.901824
              ],
              [
                112.276832,
                35.901765
              ],
              [
                112.276583,
                35.901084
              ],
              [
                112.276655,
                35.900699
              ],
              [
                112.276864,
                35.900386
              ],
              [
                112.279779,
                35.897574
              ],
              [
                112.280391,
                35.897273
              ],
              [
                112.281971,
                35.897094
              ],
              [
                112.284588,
                35.896811
              ],
              [
                112.286943,
                35.896659
              ],
              [
                112.28852,
                35.896828
              ],
              [
                112.28885,
                35.896863
              ],
              [
                112.291083,
                35.897153
              ],
              [
                112.294431,
                35.897506
              ],
              [
                112.299165,
                35.898005
              ],
              [
                112.303474,
                35.897794
              ],
              [
                112.30363,
                35.897786
              ],
              [
                112.303864,
                35.897769
              ],
              [
                112.304175,
                35.897741
              ],
              [
                112.304408,
                35.897715
              ],
              [
                112.304717,
                35.897676
              ],
              [
                112.307485,
                35.897292
              ],
              [
                112.308489,
                35.897041
              ],
              [
                112.308741,
                35.896524
              ],
              [
                112.309018,
                35.896343
              ],
              [
                112.311727,
                35.89567
              ],
              [
                112.313209,
                35.89572
              ],
              [
                112.316009,
                35.896154
              ],
              [
                112.316819,
                35.896583
              ],
              [
                112.318496,
                35.897829
              ],
              [
                112.319916,
                35.898996
              ],
              [
                112.321373,
                35.899419
              ],
              [
                112.328271,
                35.900505
              ],
              [
                112.332772,
                35.900816
              ],
              [
                112.338112,
                35.901145
              ],
              [
                112.340901,
                35.900695
              ],
              [
                112.358359,
                35.897879
              ],
              [
                112.360001,
                35.897544
              ],
              [
                112.364115,
                35.896703
              ],
              [
                112.364217,
                35.89668
              ],
              [
                112.365113,
                35.896108
              ],
              [
                112.367621,
                35.893837
              ],
              [
                112.367699,
                35.893733
              ],
              [
                112.367747,
                35.893538
              ],
              [
                112.367746,
                35.893452
              ],
              [
                112.36756,
                35.892551
              ],
              [
                112.367462,
                35.892144
              ],
              [
                112.367235,
                35.891434
              ],
              [
                112.367216,
                35.891285
              ],
              [
                112.36729,
                35.890959
              ],
              [
                112.367951,
                35.889353
              ],
              [
                112.368017,
                35.889264
              ],
              [
                112.368357,
                35.888946
              ],
              [
                112.368413,
                35.888937
              ],
              [
                112.369232,
                35.888834
              ],
              [
                112.369859,
                35.888984
              ],
              [
                112.372952,
                35.889975
              ],
              [
                112.38155,
                35.89469
              ],
              [
                112.384686,
                35.894842
              ],
              [
                112.385839,
                35.895075
              ],
              [
                112.386137,
                35.895158
              ],
              [
                112.389069,
                35.896326
              ],
              [
                112.389689,
                35.896573
              ],
              [
                112.392591,
                35.897729
              ],
              [
                112.392618,
                35.897741
              ],
              [
                112.392625,
                35.897743
              ],
              [
                112.392641,
                35.89775
              ],
              [
                112.398293,
                35.901867
              ],
              [
                112.406543,
                35.907876
              ],
              [
                112.406807,
                35.908071
              ],
              [
                112.406909,
                35.908147
              ],
              [
                112.407925,
                35.908854
              ],
              [
                112.408484,
                35.909235
              ],
              [
                112.410603,
                35.910617
              ],
              [
                112.412076,
                35.910866
              ],
              [
                112.412415,
                35.910917
              ],
              [
                112.416065,
                35.911393
              ],
              [
                112.416491,
                35.911405
              ],
              [
                112.417328,
                35.911413
              ],
              [
                112.42292,
                35.917837
              ],
              [
                112.426261,
                35.923099
              ],
              [
                112.426389,
                35.923287
              ],
              [
                112.42701,
                35.924156
              ],
              [
                112.427114,
                35.924291
              ],
              [
                112.427117,
                35.924296
              ],
              [
                112.427203,
                35.924359
              ],
              [
                112.428618,
                35.925404
              ],
              [
                112.428947,
                35.925596
              ],
              [
                112.43264,
                35.927433
              ],
              [
                112.436077,
                35.927925
              ],
              [
                112.437356,
                35.928108
              ],
              [
                112.438351,
                35.92825
              ],
              [
                112.443569,
                35.928286
              ],
              [
                112.44371,
                35.928248
              ],
              [
                112.444671,
                35.928053
              ],
              [
                112.444831,
                35.928044
              ],
              [
                112.44611,
                35.928266
              ],
              [
                112.44689,
                35.92844
              ],
              [
                112.447707,
                35.928634
              ],
              [
                112.447785,
                35.928668
              ],
              [
                112.448746,
                35.929541
              ],
              [
                112.449007,
                35.929778
              ],
              [
                112.449873,
                35.930564
              ],
              [
                112.450049,
                35.930763
              ],
              [
                112.450056,
                35.930771
              ],
              [
                112.450314,
                35.931063
              ],
              [
                112.450496,
                35.931353
              ],
              [
                112.450875,
                35.932219
              ],
              [
                112.451107,
                35.93316
              ],
              [
                112.451145,
                35.933512
              ],
              [
                112.451043,
                35.934329
              ],
              [
                112.451417,
                35.936941
              ],
              [
                112.451506,
                35.937073
              ],
              [
                112.451548,
                35.937127
              ],
              [
                112.451579,
                35.937167
              ],
              [
                112.451744,
                35.937271
              ],
              [
                112.459507,
                35.940035
              ],
              [
                112.472447,
                35.946416
              ],
              [
                112.472918,
                35.946624
              ],
              [
                112.479948,
                35.94852
              ],
              [
                112.487323,
                35.955552
              ],
              [
                112.487931,
                35.956545
              ],
              [
                112.48811,
                35.956621
              ],
              [
                112.488114,
                35.956623
              ],
              [
                112.488953,
                35.956983
              ],
              [
                112.502077,
                35.961873
              ],
              [
                112.505224,
                35.962595
              ],
              [
                112.507793,
                35.963185
              ],
              [
                112.509556,
                35.963452
              ],
              [
                112.510662,
                35.963604
              ],
              [
                112.513312,
                35.963969
              ],
              [
                112.513462,
                35.963952
              ],
              [
                112.513742,
                35.963776
              ],
              [
                112.513956,
                35.963745
              ],
              [
                112.51532,
                35.963652
              ],
              [
                112.517052,
                35.963699
              ],
              [
                112.517192,
                35.963709
              ],
              [
                112.520109,
                35.964763
              ],
              [
                112.526649,
                35.967423
              ],
              [
                112.526781,
                35.967529
              ],
              [
                112.527541,
                35.968392
              ],
              [
                112.528211,
                35.969583
              ],
              [
                112.53043,
                35.974059
              ],
              [
                112.530485,
                35.974377
              ],
              [
                112.530418,
                35.975225
              ],
              [
                112.530274,
                35.975753
              ],
              [
                112.527759,
                35.983777
              ],
              [
                112.526782,
                35.986892
              ],
              [
                112.523483,
                35.997411
              ],
              [
                112.523442,
                35.997534
              ],
              [
                112.523436,
                35.997548
              ],
              [
                112.523096,
                35.997964
              ],
              [
                112.520555,
                36.0
              ],
              [
                112.518813,
                36.007868
              ],
              [
                112.518778,
                36.008061
              ],
              [
                112.518744,
                36.008305
              ],
              [
                112.518078,
                36.013438
              ],
              [
                112.517577,
                36.018602
              ],
              [
                112.517581,
                36.018826
              ],
              [
                112.517586,
                36.018898
              ],
              [
                112.519218,
                36.027538
              ],
              [
                112.519681,
                36.029959
              ],
              [
                112.521991,
                36.034663
              ],
              [
                112.523268,
                36.036624
              ],
              [
                112.523413,
                36.036836
              ],
              [
                112.523989,
                36.037637
              ],
              [
                112.524011,
                36.037667
              ],
              [
                112.524526,
                36.038066
              ],
              [
                112.525726,
                36.03886
              ],
              [
                112.526032,
                36.039021
              ],
              [
                112.539644,
                36.044357
              ],
              [
                112.541572,
                36.04482
              ],
              [
                112.545659,
                36.044967
              ],
              [
                112.546639,
                36.044971
              ],
              [
                112.547018,
                36.044965
              ],
              [
                112.547343,
                36.044924
              ],
              [
                112.547812,
                36.044802
              ],
              [
                112.548073,
                36.044709
              ],
              [
                112.550188,
                36.043793
              ],
              [
                112.550782,
                36.043387
              ],
              [
                112.550973,
                36.043262
              ],
              [
                112.551548,
                36.043085
              ],
              [
                112.552292,
                36.042977
              ],
              [
                112.552665,
                36.042939
              ],
              [
                112.552773,
                36.042938
              ],
              [
                112.553381,
                36.042993
              ],
              [
                112.55352,
                36.043007
              ],
              [
                112.566471,
                36.044653
              ],
              [
                112.569547,
                36.045233
              ],
              [
                112.592658,
                36.052514
              ],
              [
                112.603387,
                36.061191
              ],
              [
                112.608574,
                36.066805
              ],
              [
                112.608851,
                36.066985
              ],
              [
                112.610037,
                36.067481
              ],
              [
                112.610073,
                36.067486
              ],
              [
                112.610132,
                36.06748
              ],
              [
                112.61019,
                36.06747
              ],
              [
                112.610247,
                36.067456
              ],
              [
                112.6103,
                36.067435
              ],
              [
                112.610734,
                36.067243
              ],
              [
                112.616589,
                36.064228
              ],
              [
                112.618451,
                36.063172
              ],
              [
                112.618633,
                36.063051
              ],
              [
                112.61877,
                36.062924
              ],
              [
                112.619043,
                36.062661
              ],
              [
                112.619292,
                36.062305
              ],
              [
                112.621062,
                36.060584
              ],
              [
                112.623898,
                36.057876
              ],
              [
                112.624915,
                36.056956
              ],
              [
                112.637483,
                36.04945
              ],
              [
                112.637644,
                36.049429
              ],
              [
                112.639391,
                36.049356
              ],
              [
                112.639632,
                36.049352
              ],
              [
                112.642422,
                36.049402
              ],
              [
                112.642901,
                36.049416
              ],
              [
                112.662614,
                36.025791
              ],
              [
                112.667648,
                36.018805
              ],
              [
                112.670036,
                36.015418
              ],
              [
                112.670122,
                36.015254
              ],
              [
                112.670141,
                36.015169
              ],
              [
                112.670144,
                36.015093
              ],
              [
                112.670144,
                36.015017
              ],
              [
                112.670129,
                36.014923
              ],
              [
                112.669389,
                36.012783
              ],
              [
                112.669276,
                36.012544
              ],
              [
                112.669078,
                36.012328
              ],
              [
                112.66892,
                36.012119
              ],
              [
                112.668886,
                36.011961
              ],
              [
                112.6686,
                36.010203
              ],
              [
                112.670002,
                36.009365
              ],
              [
                112.672619,
                36.008161
              ],
              [
                112.674792,
                36.007172
              ],
              [
                112.674827,
                36.007158
              ],
              [
                112.678149,
                36.006039
              ],
              [
                112.678311,
                36.006022
              ],
              [
                112.678995,
                36.006018
              ],
              [
                112.683358,
                36.006042
              ],
              [
                112.688781,
                36.006146
              ],
              [
                112.694955,
                36.007526
              ],
              [
                112.695071,
                36.007564
              ],
              [
                112.695241,
                36.007655
              ],
              [
                112.696119,
                36.008164
              ],
              [
                112.696577,
                36.008465
              ],
              [
                112.696661,
                36.008563
              ],
              [
                112.696704,
                36.008656
              ],
              [
                112.696686,
                36.00876
              ],
              [
                112.696381,
                36.009319
              ],
              [
                112.696308,
                36.009513
              ],
              [
                112.696311,
                36.009616
              ],
              [
                112.696461,
                36.009961
              ],
              [
                112.697023,
                36.010674
              ],
              [
                112.69782,
                36.011464
              ],
              [
                112.701873,
                36.014246
              ],
              [
                112.702434,
                36.014502
              ],
              [
                112.704493,
                36.015301
              ],
              [
                112.707874,
                36.015427
              ],
              [
                112.710865,
                36.015429
              ],
              [
                112.711505,
                36.015363
              ],
              [
                112.715399,
                36.013827
              ],
              [
                112.724775,
                36.010123
              ],
              [
                112.725104,
                36.009913
              ],
              [
                112.725615,
                36.009525
              ],
              [
                112.72837,
                36.007322
              ],
              [
                112.728708,
                36.007002
              ],
              [
                112.728834,
                36.00681
              ],
              [
                112.731308,
                36.0
              ],
              [
                112.734978,
                35.995688
              ],
              [
                112.735189,
                35.995402
              ],
              [
                112.736272,
                35.993936
              ],
              [
                112.737414,
                35.992388
              ],
              [
                112.739879,
                35.991198
              ],
              [
                112.7505,
                35.991615
              ],
              [
                112.759157,
                35.9935
              ],
              [
                112.763651,
                35.993226
              ],
              [
                112.764111,
                35.993197
              ],
              [
                112.76419,
                35.993193
              ],
              [
                112.766001,
                35.993076
              ],
              [
                112.766073,
                35.993078
              ],
              [
                112.768633,
                35.993211
              ],
              [
                112.770262,
                35.993534
              ],
              [
                112.771422,
                35.993885
              ],
              [
                112.77309,
                35.994389
              ],
              [
                112.773261,
                35.99444
              ],
              [
                112.775257,
                35.995293
              ],
              [
                112.775644,
                35.995574
              ],
              [
                112.775652,
                35.99558
              ],
              [
                112.775714,
                35.99559
              ],
              [
                112.775816,
                35.995588
              ],
              [
                112.775912,
                35.995571
              ],
              [
                112.776012,
                35.995516
              ],
              [
                112.776258,
                35.995344
              ],
              [
                112.778891,
                35.993198
              ],
              [
                112.786175,
                35.983424
              ],
              [
                112.787433,
                35.981195
              ],
              [
                112.787755,
                35.98028
              ]
            ]
          ]
        ]
      }
    }
  ]
}
